fullName,Number,birthDate,currentAge,City,StateProvvince,birthCountry,height,weight,active,alternateCaptain,captain,rookie,rosterStatus,Team,Position,Long,Lat
Brendan Smith,2,1989-02-08,34,Mimico,ON,CAN,"6' 2""",200,TRUE,FALSE,FALSE,FALSE,Y,New Jersey Devils,Defenseman,-79.5111199,43.61832770000000
Erik Haula,56,1991-03-23,32,Pori,,FIN,"5' 11""",191,TRUE,FALSE,FALSE,FALSE,Y,New Jersey Devils,Left Wing,21.7974178,61.4851393
Tyler Toffoli,73,1992-04-24,31,Scarborough,ON,CAN,"6' 0""",203,TRUE,FALSE,FALSE,FALSE,Y,New Jersey Devils,Right Wing,-79.2317521,43.7764258
Ondrej Palat,18,1991-03-28,32,Frydek-Mistek,,CZE,"6' 0""",194,TRUE,TRUE,FALSE,FALSE,Y,New Jersey Devils,Left Wing,18.3673216,49.6819305
Dougie Hamilton,7,1993-06-17,30,Toronto,ON,CAN,"6' 6""",230,TRUE,FALSE,FALSE,FALSE,Y,New Jersey Devils,Defenseman,-79.3831843,43.653226
Curtis Lazar,42,1995-02-02,28,Salmon Arm,BC,CAN,"6' 0""",203,TRUE,FALSE,FALSE,FALSE,Y,New Jersey Devils,Center,-119.2838443,50.7001034
Vitek Vanecek,41,1996-01-09,27,Havlickuv Brod,,CZE,"6' 2""",184,TRUE,FALSE,FALSE,FALSE,Y,New Jersey Devils,Goalie,15.5796552,49.6043364
Jonas Siegenthaler,71,1997-05-06,26,Zurich,,CHE,"6' 2""",218,TRUE,FALSE,FALSE,FALSE,Y,New Jersey Devils,Defenseman,8.541694,47.3768866
Timo Meier,96,1996-10-08,26,Herisau,,CHE,"6' 1""",220,TRUE,FALSE,FALSE,FALSE,Y,New Jersey Devils,Right Wing,9.2798472,47.3857009
John Marino,6,1997-05-21,26,North Easton,MA,USA,"6' 1""",181,TRUE,FALSE,FALSE,FALSE,Y,New Jersey Devils,Defenseman,-71.1045482,42.06666200000000
Jesper Bratt,63,1998-07-30,24,Stockholm,,SWE,"5' 10""",175,TRUE,FALSE,FALSE,FALSE,Y,New Jersey Devils,Left Wing,18.0685808,59.32932350000000
Nico Hischier,13,1999-01-04,24,Brig,,CHE,"6' 1""",175,TRUE,FALSE,TRUE,FALSE,Y,New Jersey Devils,Center,7.987820800000000,46.3158992
Kevin Bahl,88,2000-06-27,23,New Westminster,BC,CAN,"6' 6""",230,TRUE,FALSE,FALSE,FALSE,Y,New Jersey Devils,Defenseman,-122.910956,49.2057179
Akira Schmid,40,2000-05-12,23,Bern,,CHE,"6' 5""",205,TRUE,FALSE,FALSE,TRUE,Y,New Jersey Devils,Goalie,7.4474468,46.9479739
Nolan Foote,25,2000-11-29,22,Denver,CO,USA,"6' 3""",196,TRUE,FALSE,FALSE,FALSE,Y,New Jersey Devils,Left Wing,-104.990251,39.7392358
Jack Hughes,86,2001-05-14,22,Orlando,FL,USA,"5' 11""",175,TRUE,TRUE,FALSE,FALSE,Y,New Jersey Devils,Center,-81.3789269,28.5383832
Tyce Thompson,12,1999-07-12,23,Calgary,AB,CAN,"6' 1""",175,TRUE,FALSE,FALSE,TRUE,Y,New Jersey Devils,Right Wing,-114.0718831,51.04473310000000
Nico Daws,50,2000-12-22,22,Munich,,DEU,"6' 4""",205,TRUE,FALSE,FALSE,TRUE,Y,New Jersey Devils,Goalie,11.5819806,48.1351253
Dawson Mercer,91,2001-10-27,21,Carbonear,NL,CAN,"6' 0""",180,TRUE,FALSE,FALSE,FALSE,Y,New Jersey Devils,Center,-53.2356788,47.72726
Alexander Holtz,10,2002-01-23,21,Stockholm,,SWE,"6' 0""",195,TRUE,FALSE,FALSE,TRUE,Y,New Jersey Devils,Right Wing,18.0685808,59.32932350000000
Luke Hughes,43,2003-09-09,19,Manchester,NH,USA,"6' 2""",184,TRUE,FALSE,FALSE,TRUE,Y,New Jersey Devils,Defenseman,-71.4547891,42.9956397
Topias Vilen,,2003-04-01,20,Lahti,,FIN,"6' 1""",194,TRUE,FALSE,FALSE,TRUE,Y,New Jersey Devils,Defenseman,25.6612096,60.98267490000000
Simon Nemec,5,2004-02-15,19,Liptovský Mikulá,,SVK,"6' 1""",190,TRUE,FALSE,FALSE,TRUE,Y,New Jersey Devils,Defenseman,0.0,0.0
Brian Halonen,,1999-01-11,24,Delano,MN,USA,"6' 0""",207,TRUE,FALSE,FALSE,TRUE,Y,New Jersey Devils,Left Wing,-93.7891331,45.0419073
Oliver Wahlstrom,26,2000-06-13,23,Portland,ME,USA,"6' 2""",204,TRUE,FALSE,FALSE,FALSE,Y,New York Islanders,Right Wing,-70.2568189,43.6590993
Cal Clutterbuck,15,1987-11-18,35,Welland,ON,CAN,"6' 0""",212,TRUE,FALSE,FALSE,FALSE,Y,New York Islanders,Right Wing,-79.2482555,42.9921579
Matt Martin,17,1989-05-08,34,Windsor,ON,CAN,"6' 3""",220,TRUE,FALSE,FALSE,FALSE,Y,New York Islanders,Left Wing,-83.03636330000000,42.3149367
Kyle Palmieri,21,1991-02-01,32,Smithtown,NY,USA,"5' 11""",198,TRUE,FALSE,FALSE,FALSE,Y,New York Islanders,Center,-73.2006687,40.8559314
Casey Cizikas,53,1991-02-27,32,Toronto,ON,CAN,"5' 11""",190,TRUE,FALSE,FALSE,FALSE,Y,New York Islanders,Center,-79.3831843,43.653226
Anders Lee,27,1990-07-03,32,Edina,MN,USA,"6' 3""",235,TRUE,FALSE,TRUE,FALSE,Y,New York Islanders,Left Wing,-93.3499489,44.8896866
Brock Nelson,29,1991-10-15,31,Warroad,MN,USA,"6' 4""",210,TRUE,FALSE,FALSE,FALSE,Y,New York Islanders,Center,-95.31440410000000,48.9052657
Jean-Gabriel Pageau,44,1992-11-11,30,Ottawa,ON,CAN,"5' 11""",185,TRUE,FALSE,FALSE,FALSE,Y,New York Islanders,Center,-75.69719310000000,45.4215296
Adam Pelech,3,1994-08-16,28,Toronto,ON,CAN,"6' 3""",210,TRUE,FALSE,FALSE,FALSE,Y,New York Islanders,Defenseman,-79.3831843,43.653226
Hudson Fasching,20,1995-07-28,27,Apple Valley,MN,USA,"6' 3""",204,TRUE,FALSE,FALSE,FALSE,Y,New York Islanders,Right Wing,-93.21772000000000,44.7319094
Bo Horvat,14,1995-04-05,28,London,ON,CAN,"6' 0""",215,TRUE,FALSE,FALSE,FALSE,Y,New York Islanders,Center,-81.2452768,42.9849233
Ryan Pulock,6,1994-10-06,28,Dauphin,MB,CAN,"6' 2""",216,TRUE,FALSE,FALSE,FALSE,Y,New York Islanders,Defenseman,-100.0499383,51.1496809
Ross Johnston,32,1994-02-18,29,Charlottetown,PE,CAN,"6' 5""",230,TRUE,FALSE,FALSE,FALSE,Y,New York Islanders,Left Wing,-63.13107040000000,46.23824
Ilya Sorokin,30,1995-08-04,27,Mezhdurechensk,,RUS,"6' 3""",195,TRUE,FALSE,FALSE,FALSE,Y,New York Islanders,Goalie,88.0558683,53.6933951
Mathew Barzal,13,1997-05-26,26,Coquitlam,BC,CAN,"6' 1""",190,TRUE,FALSE,FALSE,FALSE,Y,New York Islanders,Center,-122.7932065,49.2837626
Sebastian Aho,25,1996-02-17,27,Umea,,SWE,"5' 10""",186,TRUE,FALSE,FALSE,FALSE,Y,New York Islanders,Defenseman,20.2630354,63.8258471
Jakub Skarek,1,1999-11-10,23,Jihlava,,CZE,"6' 3""",205,TRUE,FALSE,FALSE,TRUE,Y,New York Islanders,Goalie,15.5870415,49.3983782
Noah Dobson,8,2000-01-07,23,Summerside,PE,CAN,"6' 4""",194,TRUE,FALSE,FALSE,FALSE,Y,New York Islanders,Defenseman,-63.79023310000000,46.39337770000000
Alexander Romanov,28,2000-01-06,23,Moscow,,RUS,"6' 1""",215,TRUE,FALSE,FALSE,FALSE,Y,New York Islanders,Defenseman,37.6173,55.755826
Samuel Bolduc,4,2000-12-09,22,Laval,QC,CAN,"6' 4""",220,TRUE,FALSE,FALSE,TRUE,Y,New York Islanders,Defenseman,-73.712409,45.6066487
Simon Holmstrom,10,2001-05-24,22,Tranas,,SWE,"6' 2""",205,TRUE,FALSE,FALSE,TRUE,Y,New York Islanders,Right Wing,14.975696,58.035518
Chris Kreider,20,1991-04-30,32,Boxford,MA,USA,"6' 3""",230,TRUE,TRUE,FALSE,FALSE,Y,New York Rangers,Left Wing,-70.996726,42.6611604
Vincent Trocheck,16,1993-07-11,29,Pittsburgh,PA,USA,"5' 11""",184,TRUE,FALSE,FALSE,FALSE,Y,New York Rangers,Center,-79.9958864,40.44062480000000
Mika Zibanejad,93,1993-04-18,30,Stockholm,,SWE,"6' 2""",202,TRUE,TRUE,FALSE,FALSE,Y,New York Rangers,Center,18.0685808,59.32932350000000
Barclay Goodrow,21,1993-02-26,30,Toronto,ON,CAN,"6' 2""",204,TRUE,TRUE,FALSE,FALSE,Y,New York Rangers,Center,-79.3831843,43.653226
Jacob Trouba,8,1994-02-26,29,Rochester,MI,USA,"6' 3""",203,TRUE,FALSE,TRUE,FALSE,Y,New York Rangers,Defenseman,-83.1338214,42.680588
Jimmy Vesey,26,1993-05-26,30,Boston,MA,USA,"6' 3""",202,TRUE,FALSE,FALSE,FALSE,Y,New York Rangers,Left Wing,-71.0588801,42.3600825
Ben Harpur,5,1995-01-12,28,Hamilton,ON,CAN,"6' 6""",231,TRUE,FALSE,FALSE,FALSE,Y,New York Rangers,Defenseman,-79.8711024,43.2557206
Igor Shesterkin,31,1995-12-30,27,Moscow,,RUS,"6' 1""",189,TRUE,FALSE,FALSE,FALSE,Y,New York Rangers,Goalie,37.6173,55.755826
Artemi Panarin,10,1991-10-30,31,Korkino,,RUS,"6' 0""",173,TRUE,TRUE,FALSE,FALSE,Y,New York Rangers,Left Wing,61.3999489,54.8983671
Adam Fox,23,1998-02-17,25,Jericho,NY,USA,"5' 11""",182,TRUE,FALSE,FALSE,FALSE,Y,New York Rangers,Defenseman,-73.5398476,40.79204410000000
Ryan Lindgren,55,1998-02-11,25,Burnsville,MN,USA,"6' 0""",190,TRUE,FALSE,FALSE,FALSE,Y,New York Rangers,Defenseman,-93.27772260000000,44.7677424
Filip Chytil,72,1999-09-05,23,Kromeriz,,CZE,"6' 2""",204,TRUE,FALSE,FALSE,FALSE,Y,New York Rangers,Center,17.3993799,49.2916582
K'Andre Miller,79,2000-01-21,23,St. Paul,MN,USA,"6' 5""",215,TRUE,FALSE,FALSE,FALSE,Y,New York Rangers,Defenseman,-93.0899578,44.9537029
Kaapo Kakko,24,2001-02-13,22,Turku,,FIN,"6' 2""",206,TRUE,FALSE,FALSE,FALSE,Y,New York Rangers,Right Wing,22.2666303,60.4518126
Braden Schneider,4,2001-09-20,21,Prince Albert,SK,CAN,"6' 3""",208,TRUE,FALSE,FALSE,FALSE,Y,New York Rangers,Defenseman,-105.7530705,53.2033494
Alexis Lafrenière,13,2001-10-11,21,St-Eustache,QC,CAN,"6' 1""",195,TRUE,FALSE,FALSE,FALSE,Y,New York Rangers,Left Wing,-73.89607520000000,45.5585489
Cam Atkinson,89,1989-06-05,34,Riverside,CT,USA,"5' 8""",176,TRUE,FALSE,FALSE,FALSE,I,Philadelphia Flyers,Right Wing,-73.5784843,41.0337666
Ryan Ellis,94,1991-01-03,32,Hamilton,ON,CAN,"5' 10""",180,TRUE,FALSE,FALSE,FALSE,I,Philadelphia Flyers,Defenseman,-79.8711024,43.2557206
Sean Couturier,14,1992-12-07,30,Phoenix,AZ,USA,"6' 3""",211,TRUE,FALSE,FALSE,FALSE,Y,Philadelphia Flyers,Center,-112.0740373,33.4483771
Nicolas Deslauriers,44,1991-02-22,32,LaSalle,QC,CAN,"6' 1""",220,TRUE,FALSE,FALSE,FALSE,Y,Philadelphia Flyers,Left Wing,-73.6348608,45.4306303
Nick Seeler,24,1993-06-03,30,Eden Prairie,MN,USA,"6' 2""",201,TRUE,FALSE,FALSE,FALSE,Y,Philadelphia Flyers,Defenseman,-93.47078600000000,44.8546856
Scott Laughton,21,1994-05-30,29,Oakville,ON,CAN,"6' 1""",190,TRUE,TRUE,FALSE,FALSE,Y,Philadelphia Flyers,Center,-79.6876659,43.467517
Cal Petersen,40,1994-10-19,28,Waterloo,IA,USA,"6' 2""",185,TRUE,FALSE,FALSE,FALSE,Y,Philadelphia Flyers,Goalie,-92.34257750000000,42.492786
Rasmus Ristolainen,55,1994-10-27,28,Turku,,FIN,"6' 4""",221,TRUE,FALSE,FALSE,FALSE,Y,Philadelphia Flyers,Defenseman,22.2666303,60.4518126
Travis Sanheim,6,1996-03-29,27,Elkhorn,MB,CAN,"6' 3""",181,TRUE,FALSE,FALSE,FALSE,Y,Philadelphia Flyers,Defenseman,-101.2408402,49.9753646
Tony DeAngelo,77,1995-10-24,27,Sewell,NJ,USA,"5' 11""",180,TRUE,FALSE,FALSE,FALSE,Y,Philadelphia Flyers,Defenseman,-75.1441926,39.7662167
Felix Sandstrom,32,1997-01-12,26,Gavle,,SWE,"6' 2""",191,TRUE,FALSE,FALSE,TRUE,Y,Philadelphia Flyers,Goalie,17.1412726,60.6748796
Travis Konecny,11,1997-03-11,26,London,ON,CAN,"5' 10""",175,TRUE,FALSE,FALSE,FALSE,Y,Philadelphia Flyers,Right Wing,-81.2452768,42.9849233
Wade Allison,57,1997-10-14,25,Carman,MB,CAN,"6' 2""",205,TRUE,FALSE,FALSE,TRUE,Y,Philadelphia Flyers,Right Wing,-98.00162940000000,49.5025602
Carter Hart,79,1998-08-13,24,Sherwood Park,AB,CAN,"6' 2""",181,TRUE,FALSE,FALSE,FALSE,Y,Philadelphia Flyers,Goalie,-113.2957634,53.5412755
Tanner Laczynski,58,1997-06-01,26,Minooka,IL,USA,"6' 1""",190,TRUE,FALSE,FALSE,TRUE,Y,Philadelphia Flyers,Center,-88.2617305,41.4553084
Owen Tippett,74,1999-02-16,24,Peterborough,ON,CAN,"6' 1""",207,TRUE,FALSE,FALSE,FALSE,Y,Philadelphia Flyers,Right Wing,-78.3199606,44.3047061
Morgan Frost,48,1999-05-14,24,Aurora,ON,CAN,"5' 11""",170,TRUE,FALSE,FALSE,FALSE,Y,Philadelphia Flyers,Center,0.0,0.0
Noah Cates,49,1999-02-05,24,Stillwater,MN,USA,"6' 1""",165,TRUE,FALSE,FALSE,TRUE,Y,Philadelphia Flyers,Left Wing,-92.80884430000000,45.056004
Sean Walker,26,1994-11-13,28,Keswick,ON,CAN,"5' 11""",195,TRUE,FALSE,FALSE,FALSE,Y,Philadelphia Flyers,Defenseman,-3.134706,54.601276
Joel Farabee,86,2000-02-25,23,Syracuse,NY,USA,"6' 0""",183,TRUE,FALSE,FALSE,FALSE,Y,Philadelphia Flyers,Left Wing,-76.14742440000000,43.0481221
Cam York,45,2001-01-05,22,Anaheim,CA,USA,"5' 11""",175,TRUE,FALSE,FALSE,FALSE,Y,Philadelphia Flyers,Defenseman,-117.9143012,33.8365932
Jeff Carter,77,1985-01-01,38,London,ON,CAN,"6' 3""",219,TRUE,FALSE,FALSE,FALSE,Y,Pittsburgh Penguins,Center,-81.2452768,42.9849233
Evgeni Malkin,71,1986-07-31,36,Magnitogorsk,,RUS,"6' 3""",195,TRUE,TRUE,FALSE,FALSE,Y,Pittsburgh Penguins,Center,59.06230670000000,53.3927214
Sidney Crosby,87,1987-08-07,35,Cole Harbour,NS,CAN,"5' 11""",200,TRUE,FALSE,TRUE,FALSE,Y,Pittsburgh Penguins,Center,-63.47825030000000,44.6726512
Kris Letang,58,1987-04-24,36,Montréal,QC,CAN,"6' 0""",201,TRUE,TRUE,FALSE,FALSE,Y,Pittsburgh Penguins,Defenseman,-73.56739190000000,45.5018869
Jeff Petry,26,1987-12-09,35,Ann Arbor,MI,USA,"6' 3""",209,TRUE,FALSE,FALSE,FALSE,Y,Pittsburgh Penguins,Defenseman,-83.7430378,42.2808256
Reilly Smith,19,1991-04-01,32,Mimico,ON,CAN,"6' 1""",185,TRUE,FALSE,FALSE,FALSE,Y,Pittsburgh Penguins,Right Wing,-79.5111199,43.61832770000000
Mikael Granlund,64,1992-02-26,31,Oulu,,FIN,"5' 10""",185,TRUE,FALSE,FALSE,FALSE,Y,Pittsburgh Penguins,Center,25.4650773,65.0120888
Bryan Rust,17,1992-05-11,31,Pontiac,MI,USA,"5' 11""",192,TRUE,FALSE,FALSE,FALSE,Y,Pittsburgh Penguins,Right Wing,-83.29104680000000,42.6389216
Rickard Rakell,67,1993-05-05,30,Sundbyberg,,SWE,"6' 1""",195,TRUE,FALSE,FALSE,FALSE,Y,Pittsburgh Penguins,Right Wing,17.9631555,59.3741861
Chad Ruhwedel,2,1990-05-07,33,San Diego,CA,USA,"5' 11""",191,TRUE,FALSE,FALSE,FALSE,Y,Pittsburgh Penguins,Defenseman,-117.1610838,32.715738
Jake Guentzel,59,1994-10-06,28,Omaha,NE,USA,"5' 11""",180,TRUE,FALSE,FALSE,FALSE,Y,Pittsburgh Penguins,Left Wing,-95.9345034,41.2565369
Marcus Pettersson,28,1996-05-08,27,Skelleftea,,SWE,"6' 3""",177,TRUE,FALSE,FALSE,FALSE,Y,Pittsburgh Penguins,Defenseman,20.950917,64.750244
Casey DeSmith,1,1991-08-13,31,Rochester,NH,USA,"6' 0""",181,TRUE,FALSE,FALSE,FALSE,Y,Pittsburgh Penguins,Goalie,-70.97561860000000,43.304526
Alex Nylander,19,1998-03-02,25,Calgary,AB,CAN,"6' 1""",192,TRUE,FALSE,FALSE,FALSE,Y,Pittsburgh Penguins,Left Wing,-114.0718831,51.04473310000000
Pierre-Olivier Joseph,73,1999-07-01,24,Laval,QC,CAN,"6' 2""",185,TRUE,FALSE,FALSE,TRUE,Y,Pittsburgh Penguins,Defenseman,-73.712409,45.6066487
Jan Rutta,44,1990-07-29,32,Pisek,,CZE,"6' 3""",204,TRUE,FALSE,FALSE,FALSE,Y,Pittsburgh Penguins,Defenseman,14.158029,49.303454
Drew O'Connor,10,1998-06-09,25,Chatham,NJ,USA,"6' 3""",200,TRUE,FALSE,FALSE,FALSE,Y,Pittsburgh Penguins,Left Wing,-74.3837624,40.740934
Brad Marchand,63,1988-05-11,35,Halifax,NS,CAN,"5' 9""",176,TRUE,TRUE,FALSE,FALSE,Y,Boston Bruins,Left Wing,-63.1005273,44.8857087
Charlie Coyle,13,1992-03-02,31,East Weymouth,MA,USA,"6' 3""",223,TRUE,FALSE,FALSE,FALSE,Y,Boston Bruins,Center,-70.94103560000000,42.2180724
Derek Forbort,28,1992-03-04,31,Duluth,MN,USA,"6' 4""",208,TRUE,FALSE,FALSE,FALSE,Y,Boston Bruins,Defenseman,-92.1004852,46.78667190000000
Hampus Lindholm,27,1994-01-20,29,Helsingborg,,SWE,"6' 4""",215,TRUE,FALSE,FALSE,FALSE,Y,Boston Bruins,Defenseman,12.6945121,56.0464674
Matt Grzelcyk,48,1994-01-05,29,Charlestown,MA,USA,"5' 10""",176,TRUE,FALSE,FALSE,FALSE,Y,Boston Bruins,Defenseman,-71.0615977,42.37865560000000
Linus Ullmark,35,1993-07-31,29,Lugnvik,,SWE,"6' 5""",212,TRUE,FALSE,FALSE,FALSE,Y,Boston Bruins,Goalie,17.9113077,62.9294269
David Pastrnak,88,1996-05-25,27,Havirov,,CZE,"6' 1""",195,TRUE,FALSE,FALSE,FALSE,Y,Boston Bruins,Right Wing,18.4306254,49.7803923
Pavel Zacha,18,1997-04-06,26,Brno,,CZE,"6' 4""",199,TRUE,FALSE,FALSE,FALSE,Y,Boston Bruins,Center,16.6068371,49.1950602
Jakub Zboril,67,1997-02-21,26,Brno,,CZE,"6' 1""",201,TRUE,FALSE,FALSE,FALSE,Y,Boston Bruins,Defenseman,16.6068371,49.1950602
A.J. Greer,10,1996-12-14,26,Joliette,QC,CAN,"6' 3""",208,TRUE,FALSE,FALSE,FALSE,Y,Boston Bruins,Left Wing,-73.41779610000000,46.014012
Brandon Carlo,25,1996-11-26,26,Colorado Springs,CO,USA,"6' 6""",218,TRUE,FALSE,FALSE,FALSE,Y,Boston Bruins,Defenseman,-104.8213634,38.8338816
Jake DeBrusk,74,1996-10-17,26,Edmonton,AB,CAN,"6' 0""",197,TRUE,FALSE,FALSE,FALSE,Y,Boston Bruins,Left Wing,-113.4937266,53.5460983
Charlie McAvoy,73,1997-12-21,25,Long Beach,NY,USA,"6' 1""",209,TRUE,FALSE,FALSE,FALSE,Y,Boston Bruins,Defenseman,-73.65790800000000,40.5884373
Trent Frederic,11,1998-02-11,25,St. Louis,MO,USA,"6' 3""",214,TRUE,FALSE,FALSE,FALSE,Y,Boston Bruins,Center,-90.19940420000000,38.6270025
Ian Mitchell,51,1999-01-18,24,St. Albert,AB,CAN,"5' 11""",193,TRUE,FALSE,FALSE,FALSE,Y,Boston Bruins,Defenseman,-113.6292701,53.6539037
Jeremy Swayman,1,1998-11-24,24,Anchorage,AK,USA,"6' 2""",194,TRUE,FALSE,FALSE,FALSE,Y,Boston Bruins,Goalie,-149.8996785,61.2175758
Kyle Okposo,21,1988-04-16,35,St. Paul,MN,USA,"6' 0""",218,TRUE,FALSE,TRUE,FALSE,Y,Buffalo Sabres,Right Wing,-93.0899578,44.9537029
Jeff Skinner,53,1992-05-16,31,Toronto,ON,CAN,"5' 11""",197,TRUE,FALSE,FALSE,FALSE,Y,Buffalo Sabres,Left Wing,-79.3831843,43.653226
Zemgus Girgensons,28,1994-01-05,29,Riga,,LVA,"6' 2""",200,TRUE,TRUE,FALSE,FALSE,Y,Buffalo Sabres,Left Wing,24.1056221,56.9676941
Eric Comrie,31,1995-07-06,27,Edmonton,AB,CAN,"6' 1""",183,TRUE,FALSE,FALSE,FALSE,Y,Buffalo Sabres,Goalie,-113.4937266,53.5460983
Alex Tuch,89,1996-05-10,27,Syracuse,NY,USA,"6' 4""",219,TRUE,FALSE,FALSE,FALSE,Y,Buffalo Sabres,Right Wing,-76.14742440000000,43.0481221
Victor Olofsson,71,1995-07-18,27,Ornskoldsvik,,SWE,"5' 11""",181,TRUE,FALSE,FALSE,FALSE,Y,Buffalo Sabres,Left Wing,18.7166166,63.29004740000000
Jordan Greenway,12,1997-02-16,26,Canton,NY,USA,"6' 6""",231,TRUE,FALSE,FALSE,FALSE,Y,Buffalo Sabres,Left Wing,-75.1690942,44.5956163
Riley Stillman,61,1998-03-09,25,Peterborough,ON,CAN,"6' 1""",196,TRUE,FALSE,FALSE,FALSE,Y,Buffalo Sabres,Defenseman,-78.3199606,44.3047061
Tage Thompson,72,1997-10-30,25,Phoenix,AZ,USA,"6' 6""",220,TRUE,FALSE,FALSE,FALSE,Y,Buffalo Sabres,Center,-112.0740373,33.4483771
Casey Mittelstadt,37,1998-11-22,24,Eden Prairie,MN,USA,"6' 1""",195,TRUE,FALSE,FALSE,FALSE,Y,Buffalo Sabres,Center,-93.47078600000000,44.8546856
Henri Jokiharju,10,1999-06-17,24,Oulu,,FIN,"6' 0""",200,TRUE,FALSE,FALSE,FALSE,Y,Buffalo Sabres,Defenseman,25.4650773,65.0120888
Ukko-Pekka Luukkonen,1,1999-03-09,24,Espoo,,FIN,"6' 5""",217,TRUE,FALSE,FALSE,TRUE,Y,Buffalo Sabres,Goalie,24.6559001,60.2054911
Jacob Bryson,78,1997-11-18,25,London,ON,CAN,"5' 9""",176,TRUE,FALSE,FALSE,FALSE,Y,Buffalo Sabres,Defenseman,-81.2452768,42.9849233
Mattias Samuelsson,23,2000-03-14,23,Philadelphia,PA,USA,"6' 4""",231,TRUE,FALSE,FALSE,FALSE,Y,Buffalo Sabres,Defenseman,-75.1652215,39.9525839
Rasmus Dahlin,26,2000-04-13,23,Lidkoping,,SWE,"6' 3""",202,TRUE,TRUE,FALSE,FALSE,Y,Buffalo Sabres,Defenseman,13.1570768,58.5035047
Ilya Lyubushkin,46,1994-04-06,29,Moscow,,RUS,"6' 2""",200,TRUE,FALSE,FALSE,FALSE,Y,Buffalo Sabres,Defenseman,37.6173,55.755826
Peyton Krebs,19,2001-01-26,22,Calgary,AB,CAN,"6' 0""",187,TRUE,FALSE,FALSE,FALSE,Y,Buffalo Sabres,Center,-114.0718831,51.04473310000000
Dylan Cozens,24,2001-02-09,22,Whitehorse,YT,CAN,"6' 3""",195,TRUE,FALSE,FALSE,FALSE,Y,Buffalo Sabres,Center,-135.0522761,60.7197137
Jack Quinn,22,2001-09-19,21,Ottawa,ON,CAN,"6' 1""",185,TRUE,FALSE,FALSE,TRUE,Y,Buffalo Sabres,Right Wing,-75.69719310000000,45.4215296
JJ Peterka,77,2002-01-14,21,Munich,,DEU,"6' 0""",189,TRUE,FALSE,FALSE,TRUE,Y,Buffalo Sabres,Right Wing,11.5819806,48.1351253
Devon Levi,27,2001-12-27,21,Dollard-des-Ormeaux,QC,CAN,"6' 0""",184,TRUE,FALSE,FALSE,TRUE,Y,Buffalo Sabres,Goalie,-73.8205567,45.4895636
Owen Power,25,2002-11-22,20,Mississauga,ON,CAN,"6' 6""",218,TRUE,FALSE,FALSE,TRUE,Y,Buffalo Sabres,Defenseman,-79.6441198,43.5890452
Sean Monahan,91,1994-10-12,28,Brampton,ON,CAN,"6' 2""",196,TRUE,FALSE,FALSE,FALSE,I,Montréal Canadiens,Center,-79.7624177,43.7315479
Cole Caufield,22,2001-01-02,22,Mosinee,WI,USA,"5' 7""",174,TRUE,FALSE,FALSE,FALSE,I,Montréal Canadiens,Right Wing,-89.70317840000000,44.7930232
Arber Xhekaj,72,2001-01-30,22,Hamilton,ON,CAN,"6' 4""",238,TRUE,FALSE,FALSE,TRUE,I,Montréal Canadiens,Defenseman,-79.8711024,43.2557206
Juraj Slafkovsky,20,2004-03-30,19,Kosice,,SVK,"6' 3""",238,TRUE,FALSE,FALSE,TRUE,I,Montréal Canadiens,Left Wing,21.2610746,48.7163857
Jake Allen,34,1990-08-07,32,Fredericton,NB,CAN,"6' 2""",195,TRUE,FALSE,FALSE,FALSE,Y,Montréal Canadiens,Goalie,-66.6431151,45.9635895
Mike Hoffman,68,1989-11-24,33,Kitchener,ON,CAN,"6' 0""",190,TRUE,FALSE,FALSE,FALSE,Y,Montréal Canadiens,Left Wing,-80.4925337,43.4516395
Chris Wideman,6,1990-01-07,33,St. Louis,MO,USA,"5' 10""",181,TRUE,FALSE,FALSE,FALSE,Y,Montréal Canadiens,Defenseman,-90.19940420000000,38.6270025
David Savard,58,1990-10-22,32,St-Hyacinthe,QC,CAN,"6' 1""",235,TRUE,FALSE,FALSE,FALSE,Y,Montréal Canadiens,Defenseman,-72.9563391,45.6306875
Brendan Gallagher,11,1992-05-06,31,Edmonton,AB,CAN,"5' 9""",186,TRUE,TRUE,FALSE,FALSE,Y,Montréal Canadiens,Right Wing,-113.4937266,53.5460983
Joel Armia,40,1993-05-31,30,Pori,,FIN,"6' 3""",216,TRUE,FALSE,FALSE,FALSE,Y,Montréal Canadiens,Right Wing,21.7974178,61.4851393
Mike Matheson,8,1994-02-27,29,Pointe-Claire,QC,CAN,"6' 2""",193,TRUE,FALSE,FALSE,FALSE,Y,Montréal Canadiens,Defenseman,-73.7990191,45.4719655
Josh Anderson,17,1994-05-07,29,Burlington,ON,CAN,"6' 3""",218,TRUE,FALSE,FALSE,FALSE,Y,Montréal Canadiens,Right Wing,-79.7990319,43.3255196
Christian Dvorak,28,1996-02-02,27,Palos,IL,USA,"6' 1""",193,TRUE,FALSE,FALSE,FALSE,Y,Montréal Canadiens,Center,-87.8173687,41.7040235
Jake Evans,71,1996-06-02,27,Toronto,ON,CAN,"6' 0""",186,TRUE,FALSE,FALSE,FALSE,Y,Montréal Canadiens,Center,-79.3831843,43.653226
Sam Montembeault,35,1996-10-30,26,Becancour,QC,CAN,"6' 3""",214,TRUE,FALSE,FALSE,FALSE,Y,Montréal Canadiens,Goalie,-72.4350552,46.3506215
Rem Pitlick,32,1997-04-02,26,Ottawa,ON,CAN,"5' 11""",186,TRUE,FALSE,FALSE,FALSE,Y,Montréal Canadiens,Center,-75.69719310000000,45.4215296
Michael Pezzetta,55,1998-03-13,25,Toronto,ON,CAN,"6' 1""",210,TRUE,FALSE,FALSE,FALSE,Y,Montréal Canadiens,Left Wing,-79.3831843,43.653226
Nick Suzuki,14,1999-08-10,23,London,ON,CAN,"5' 11""",208,TRUE,FALSE,TRUE,FALSE,Y,Montréal Canadiens,Center,-81.2452768,42.9849233
Johnathan Kovacevic,26,1997-07-12,25,Hamilton,ON,CAN,"6' 4""",208,TRUE,FALSE,FALSE,TRUE,Y,Montréal Canadiens,Defenseman,-79.8711024,43.2557206
Jordan Harris,54,2000-07-07,22,Haverhill,MA,USA,"5' 11""",189,TRUE,FALSE,FALSE,TRUE,Y,Montréal Canadiens,Defenseman,-71.0772796,42.7762015
Kirby Dach,77,2001-01-21,22,Fort Saskatchewan,AB,CAN,"6' 4""",212,TRUE,FALSE,FALSE,FALSE,Y,Montréal Canadiens,Center,-113.2163654,53.6962239
Alex Newhook,18,2001-01-28,22,St. John's,NL,CAN,"5' 10""",190,TRUE,FALSE,FALSE,FALSE,Y,Montréal Canadiens,Center,-52.7452511,47.5556097
Sean Farrell,57,2001-11-02,21,Milford,MA,USA,"5' 9""",175,TRUE,FALSE,FALSE,TRUE,Y,Montréal Canadiens,Center,-71.5163049,42.1398577
Kaiden Guhle,21,2002-01-18,21,Edmonton,AB,CAN,"6' 2""",205,TRUE,FALSE,FALSE,TRUE,Y,Montréal Canadiens,Defenseman,-113.4937266,53.5460983
Justin Barron,52,2001-11-15,21,Halifax,NS,CAN,"6' 2""",201,TRUE,FALSE,FALSE,TRUE,Y,Montréal Canadiens,Defenseman,-63.1005273,44.8857087
Anton Forsberg,31,1992-11-27,30,Härnösand,,SWE,"6' 3""",193,TRUE,FALSE,FALSE,FALSE,I,Ottawa Senators,Goalie,17.9408714,62.6322698
Josh Norris,9,1999-05-05,24,Oxford,MI,USA,"6' 2""",195,TRUE,FALSE,FALSE,FALSE,I,Ottawa Senators,Center,-83.26466240000000,42.8247524
Claude Giroux,28,1988-01-12,35,Hearst,ON,CAN,"5' 11""",190,TRUE,FALSE,FALSE,FALSE,Y,Ottawa Senators,Right Wing,-83.66695520000000,49.6880184
Thomas Chabot,72,1997-01-30,26,Sainte-Marie,QC,CAN,"6' 2""",195,TRUE,FALSE,FALSE,FALSE,Y,Ottawa Senators,Defenseman,-71.0213182,46.4390284
Mathieu Joseph,21,1997-02-09,26,Laval,QC,CAN,"6' 1""",187,TRUE,FALSE,FALSE,FALSE,Y,Ottawa Senators,Right Wing,-73.712409,45.6066487
Alex DeBrincat,12,1997-12-18,25,Farmington Hills,MI,USA,"5' 8""",178,TRUE,FALSE,FALSE,FALSE,Y,Ottawa Senators,Right Wing,-83.3677168,42.4989936
Jakob Chychrun,6,1998-03-31,25,Boca Raton,FL,USA,"6' 2""",220,TRUE,FALSE,FALSE,FALSE,Y,Ottawa Senators,Defenseman,-80.1289321,26.3683064
Drake Batherson,19,1998-04-27,25,Fort Wayne,IN,USA,"6' 3""",200,TRUE,FALSE,FALSE,FALSE,Y,Ottawa Senators,Right Wing,-85.1393513,41.079273
Mark Kastelic,47,1999-03-11,24,Phoenix,AZ,USA,"6' 3""",233,TRUE,FALSE,FALSE,TRUE,Y,Ottawa Senators,Center,-112.0740373,33.4483771
Parker Kelly,45,1999-05-14,24,Camrose,AB,CAN,"6' 0""",190,TRUE,FALSE,FALSE,FALSE,Y,Ottawa Senators,Left Wing,-112.8251176,53.0173444
Brady Tkachuk,7,1999-09-16,23,Scottsdale,AZ,USA,"6' 4""",221,TRUE,FALSE,FALSE,FALSE,Y,Ottawa Senators,Left Wing,-111.9216734,33.4948764
Shane Pinto,57,2000-11-12,22,Franklin Square,NY,USA,"6' 3""",201,TRUE,FALSE,FALSE,TRUE,Y,Ottawa Senators,Center,-73.6759635,40.7073244
Tyler Kleven,43,2002-01-10,21,Fargo,ND,USA,"6' 4""",200,TRUE,FALSE,FALSE,TRUE,Y,Ottawa Senators,Defenseman,-96.7898034,46.8771863
Jake Sanderson,85,2002-07-08,20,Whitefish,MT,USA,"6' 3""",195,TRUE,FALSE,FALSE,TRUE,Y,Ottawa Senators,Defenseman,-114.3352652,48.4106373
Tim Stützle,18,2002-01-15,21,Viersen,,DEU,"6' 0""",193,TRUE,FALSE,FALSE,FALSE,Y,Ottawa Senators,Left Wing,6.3965235,51.2554987
Artem Zub,2,1995-10-03,27,Khabarovsk,,RUS,"6' 2""",200,TRUE,FALSE,FALSE,FALSE,Y,Ottawa Senators,Defenseman,135.0720667,48.4814433
Jake Muzzin,8,1989-02-21,34,Woodstock,ON,CAN,"6' 3""",227,TRUE,TRUE,FALSE,FALSE,I,Toronto Maple Leafs,Defenseman,-80.74716510000000,43.1314966
Nicholas Robertson,89,2001-09-11,21,Pasadena,CA,USA,"5' 9""",183,TRUE,FALSE,FALSE,FALSE,I,Toronto Maple Leafs,Left Wing,-118.1445155,34.1477849
Mark Giordano,55,1983-10-03,39,Toronto,ON,CAN,"6' 0""",205,TRUE,FALSE,FALSE,FALSE,Y,Toronto Maple Leafs,Defenseman,-79.3831843,43.653226
TJ Brodie,78,1990-06-07,33,Chatham,ON,CAN,"6' 2""",187,TRUE,FALSE,FALSE,FALSE,Y,Toronto Maple Leafs,Defenseman,0.0,0.0
John Tavares,91,1990-09-20,32,Mississauga,ON,CAN,"6' 1""",216,TRUE,FALSE,TRUE,FALSE,Y,Toronto Maple Leafs,Center,-79.6441198,43.5890452
Calle Jarnkrok,19,1991-09-25,31,Gavle,,SWE,"6' 0""",192,TRUE,FALSE,FALSE,FALSE,Y,Toronto Maple Leafs,Center,17.1412726,60.6748796
Morgan Rielly,44,1994-03-09,29,Vancouver,BC,CAN,"6' 1""",222,TRUE,TRUE,FALSE,FALSE,Y,Toronto Maple Leafs,Defenseman,-123.1207375,49.2827291
Matt Murray,30,1994-05-25,29,Thunder Bay,ON,CAN,"6' 5""",203,TRUE,FALSE,FALSE,FALSE,Y,Toronto Maple Leafs,Goalie,-89.2476823,48.3808951
Jake McCabe,22,1993-10-12,29,Eau Claire,WI,USA,"6' 1""",204,TRUE,FALSE,FALSE,FALSE,Y,Toronto Maple Leafs,Defenseman,-91.4984941,44.811349
William Nylander,88,1996-05-01,27,Calgary,AB,CAN,"6' 0""",204,TRUE,FALSE,FALSE,FALSE,Y,Toronto Maple Leafs,Right Wing,-114.0718831,51.04473310000000
Sam Lafferty,28,1995-03-06,28,Hollidaysburg,PA,USA,"6' 1""",195,TRUE,FALSE,FALSE,FALSE,Y,Toronto Maple Leafs,Center,-78.38890240000000,40.4272949
Mitchell Marner,16,1997-05-05,26,Markham,ON,CAN,"6' 0""",181,TRUE,TRUE,FALSE,FALSE,Y,Toronto Maple Leafs,Right Wing,-79.3370188,43.8561002
Ilya Samsonov,35,1997-02-22,26,Magnitogorsk,,RUS,"6' 3""",214,TRUE,FALSE,FALSE,FALSE,Y,Toronto Maple Leafs,Goalie,59.06230670000000,53.3927214
Auston Matthews,34,1997-09-17,25,San Ramon,CA,USA,"6' 3""",208,TRUE,TRUE,FALSE,FALSE,Y,Toronto Maple Leafs,Center,-121.9539616,37.7643595
Conor Timmins,25,1998-09-18,24,St. Catharines,ON,CAN,"6' 2""",202,TRUE,FALSE,FALSE,FALSE,Y,Toronto Maple Leafs,Defenseman,-79.2468626,43.1593745
Timothy Liljegren,37,1999-04-30,24,Kristianstad,,SWE,"6' 1""",192,TRUE,FALSE,FALSE,FALSE,Y,Toronto Maple Leafs,Defenseman,14.1566778,56.0293936
David Kampf,64,1995-01-12,28,Chomutov,,CZE,"6' 2""",197,TRUE,FALSE,FALSE,FALSE,Y,Toronto Maple Leafs,Center,13.410737,50.4634975
Matthew Knies,23,2002-10-17,20,Phoenix,AZ,USA,"6' 2""",210,TRUE,FALSE,FALSE,TRUE,Y,Toronto Maple Leafs,Left Wing,-112.0740373,33.4483771
Andrei Svechnikov,37,2000-03-26,23,Barnaul,,RUS,"6' 2""",195,TRUE,FALSE,FALSE,FALSE,I,Carolina Hurricanes,Right Wing,83.78357370000000,53.3497499
Brent Burns,8,1985-03-09,38,Barrie,ON,CAN,"6' 5""",230,TRUE,FALSE,FALSE,FALSE,Y,Carolina Hurricanes,Defenseman,-79.6903316,44.38935560000000
Jordan Staal,11,1988-09-10,34,Thunder Bay,ON,CAN,"6' 4""",220,TRUE,FALSE,TRUE,FALSE,Y,Carolina Hurricanes,Center,-89.2476823,48.3808951
Jesper Fast,71,1991-12-02,31,Nassjo,,SWE,"6' 1""",191,TRUE,FALSE,FALSE,FALSE,Y,Carolina Hurricanes,Right Wing,14.6967247,57.65303550000000
Stefan Noesen,23,1993-02-12,30,Plano,TX,USA,"6' 1""",205,TRUE,FALSE,FALSE,FALSE,Y,Carolina Hurricanes,Right Wing,-96.6988856,33.0198431
Brady Skjei,76,1994-03-26,29,Lakeville,MN,USA,"6' 3""",210,TRUE,FALSE,FALSE,FALSE,Y,Carolina Hurricanes,Defenseman,-93.24272000000000,44.6496868
Teuvo Teravainen,86,1994-09-11,28,Helsinki,,FIN,"5' 11""",191,TRUE,FALSE,FALSE,FALSE,Y,Carolina Hurricanes,Left Wing,24.938379,60.16985570000000
Jordan Martinook,48,1992-07-25,30,Brandon,MB,CAN,"6' 0""",196,TRUE,TRUE,FALSE,FALSE,Y,Carolina Hurricanes,Left Wing,-99.95148070000000,49.8437486
Jaccob Slavin,74,1994-05-01,29,Denver,CO,USA,"6' 3""",207,TRUE,TRUE,FALSE,FALSE,Y,Carolina Hurricanes,Defenseman,-104.990251,39.7392358
Antti Raanta,32,1989-05-12,34,Rauma,,FIN,"6' 0""",195,TRUE,FALSE,FALSE,FALSE,Y,Carolina Hurricanes,Goalie,21.5059264,61.1308854
Brett Pesce,22,1994-11-15,28,Tarrytown,NY,USA,"6' 3""",206,TRUE,FALSE,FALSE,FALSE,Y,Carolina Hurricanes,Defenseman,-73.85874610000000,41.0762077
Sebastian Aho,20,1997-07-26,25,Rauma,,FIN,"6' 0""",176,TRUE,FALSE,FALSE,FALSE,Y,Carolina Hurricanes,Center,21.5059264,61.1308854
Jalen Chatfield,5,1996-05-15,27,Ypsilanti,MI,USA,"6' 1""",188,TRUE,FALSE,FALSE,FALSE,Y,Carolina Hurricanes,Defenseman,-83.61299390000000,42.2411499
Dylan Coghlan,15,1998-02-19,25,Duncan,BC,CAN,"6' 2""",208,TRUE,FALSE,FALSE,FALSE,Y,Carolina Hurricanes,Defenseman,-123.7079416,48.7786908
Martin Necas,88,1999-01-15,24,Nove Mesto na Morave,,CZE,"6' 2""",189,TRUE,FALSE,FALSE,FALSE,Y,Carolina Hurricanes,Center,16.0741877,49.5614432
Jesperi Kotkaniemi,82,2000-07-06,22,Pori,,FIN,"6' 2""",201,TRUE,FALSE,FALSE,FALSE,Y,Carolina Hurricanes,Center,21.7974178,61.4851393
Jack Drury,18,2000-02-03,23,New York,NY,USA,"5' 11""",174,TRUE,FALSE,FALSE,TRUE,Y,Carolina Hurricanes,Center,-74.0059728,40.7127753
Ryan Suzuki,61,2001-05-28,22,London,ON,CAN,"6' 0""",176,TRUE,FALSE,FALSE,TRUE,Y,Carolina Hurricanes,Center,-81.2452768,42.9849233
Jamieson Rees,81,2001-02-26,22,Hamilton,ON,CAN,"5' 11""",172,TRUE,FALSE,FALSE,TRUE,Y,Carolina Hurricanes,Center,-79.8711024,43.2557206
Pyotr Kochetkov,52,1999-06-25,24,Penza,,RUS,"6' 3""",205,TRUE,FALSE,FALSE,TRUE,Y,Carolina Hurricanes,Goalie,45.0,53.2272903
Seth Jarvis,24,2002-02-01,21,Winnipeg,MB,CAN,"5' 10""",175,TRUE,FALSE,FALSE,FALSE,Y,Carolina Hurricanes,Center,-97.1385145,49.8954221
Vasily Ponomarev,92,2002-03-13,21,Moscow,,RUS,"5' 10""",180,TRUE,FALSE,FALSE,TRUE,Y,Carolina Hurricanes,Center,37.6173,55.755826
Spencer Knight,30,2001-04-19,22,Darien,CT,USA,"6' 3""",192,TRUE,FALSE,FALSE,FALSE,Y,Florida Panthers,Goalie,-73.4686858,41.0771914
Zac Dalpe,22,1989-11-01,33,Paris,ON,CAN,"6' 2""",197,TRUE,FALSE,FALSE,FALSE,Y,Florida Panthers,Center,2.3522219,48.856614
Sergei Bobrovsky,72,1988-09-20,34,Novokuznetsk,,RUS,"6' 2""",182,TRUE,FALSE,FALSE,FALSE,Y,Florida Panthers,Goalie,87.12157050000000,53.7595935
Nick Cousins,21,1993-07-20,29,Belleville,ON,CAN,"5' 11""",192,TRUE,FALSE,FALSE,FALSE,Y,Florida Panthers,Center,-77.3832315,44.1627589
Anthony Duclair,10,1995-08-26,27,Pointe-Claire,QC,CAN,"5' 11""",197,TRUE,FALSE,FALSE,FALSE,Y,Florida Panthers,Left Wing,-73.7990191,45.4719655
Carter Verhaeghe,23,1995-08-14,27,Toronto,ON,CAN,"6' 2""",180,TRUE,FALSE,FALSE,FALSE,Y,Florida Panthers,Center,-79.3831843,43.653226
Aleksander Barkov,16,1995-09-02,27,Tampere,,FIN,"6' 3""",215,TRUE,FALSE,TRUE,FALSE,Y,Florida Panthers,Center,23.7609535,61.4977524
Aaron Ekblad,5,1996-02-07,27,Windsor,ON,CAN,"6' 4""",215,TRUE,TRUE,FALSE,FALSE,Y,Florida Panthers,Defenseman,-83.03636330000000,42.3149367
Sam Reinhart,13,1995-11-06,27,West Vancouver,BC,CAN,"6' 2""",193,TRUE,FALSE,FALSE,FALSE,Y,Florida Panthers,Center,-123.1601981,49.3286251
Sam Bennett,9,1996-06-20,27,Holland Landing,ON,CAN,"6' 1""",195,TRUE,FALSE,FALSE,FALSE,Y,Florida Panthers,Center,-79.48742300000000,44.09986080000000
Brandon Montour,62,1994-04-11,29,Brantford,ON,CAN,"6' 0""",194,TRUE,FALSE,FALSE,FALSE,Y,Florida Panthers,Defenseman,-80.2644254,43.1393867
Gustav Forsling,42,1996-06-12,27,Linkoping,,SWE,"6' 0""",186,TRUE,FALSE,FALSE,FALSE,Y,Florida Panthers,Defenseman,15.6213727,58.41080700000000
Ryan Lomberg,94,1994-12-09,28,Richmond Hill,ON,CAN,"5' 9""",187,TRUE,FALSE,FALSE,FALSE,Y,Florida Panthers,Left Wing,-79.4402808,43.8828401
Matthew Tkachuk,19,1997-12-11,25,Scottsdale,AZ,USA,"6' 2""",201,TRUE,TRUE,FALSE,FALSE,Y,Florida Panthers,Left Wing,-111.9216734,33.4948764
Josh Mahura,28,1998-05-05,25,St. Albert,AB,CAN,"6' 0""",185,TRUE,FALSE,FALSE,FALSE,Y,Florida Panthers,Defenseman,-113.6292701,53.6539037
Aleksi Heponiemi,20,1999-01-09,24,Tampere,,FIN,"5' 10""",155,TRUE,FALSE,FALSE,FALSE,Y,Florida Panthers,Center,23.7609535,61.4977524
Eetu Luostarinen,27,1998-09-02,24,Siilinjarvi,,FIN,"6' 3""",190,TRUE,FALSE,FALSE,FALSE,Y,Florida Panthers,Center,27.661883,63.0736826
Calle Sjalin,79,1999-09-02,23,Ostersund,,SWE,"6' 1""",179,TRUE,FALSE,FALSE,TRUE,Y,Florida Panthers,Defenseman,14.6360681,63.1766832
Patrick Giles,36,2000-01-03,23,Chevy Chase,MD,USA,"6' 4""",203,TRUE,FALSE,FALSE,TRUE,Y,Florida Panthers,Right Wing,-77.0772052,38.9949153
Santtu Kinnunen,75,1999-03-25,24,Lahti,,FIN,"6' 3""",154,TRUE,FALSE,FALSE,TRUE,Y,Florida Panthers,Defenseman,25.6612096,60.98267490000000
John Ludvig,53,2000-08-02,22,Liberec,,CZE,"6' 1""",213,TRUE,FALSE,FALSE,TRUE,Y,Florida Panthers,Defenseman,15.0543387,50.76628000000000
Mike Benning,44,2002-01-05,21,Edmonton,AB,CAN,"5' 9""",177,TRUE,FALSE,FALSE,TRUE,Y,Florida Panthers,Defenseman,-113.4937266,53.5460983
Anton Lundell,15,2001-10-03,21,Espoo,,FIN,"6' 1""",185,TRUE,FALSE,FALSE,FALSE,Y,Florida Panthers,Center,24.6559001,60.2054911
Matt Kiersted,3,1998-04-14,25,Elk River,MN,USA,"6' 0""",181,TRUE,FALSE,FALSE,FALSE,Y,Florida Panthers,Defenseman,-93.5547381,45.303218
Mackie Samoskevich,25,2002-11-15,20,Newtown,CT,USA,"5' 11""",191,TRUE,FALSE,FALSE,TRUE,Y,Florida Panthers,Right Wing,-73.3035656,41.4141116
Pat Maroon,14,1988-04-23,35,St. Louis,MO,USA,"6' 3""",234,TRUE,FALSE,FALSE,FALSE,Y,Tampa Bay Lightning,Left Wing,-90.19940420000000,38.6270025
Steven Stamkos,91,1990-02-07,33,Markham,ON,CAN,"6' 0""",182,TRUE,FALSE,TRUE,FALSE,Y,Tampa Bay Lightning,Center,-79.3370188,43.8561002
Zach Bogosian,24,1990-07-15,32,Massena,NY,USA,"6' 2""",222,TRUE,FALSE,FALSE,FALSE,Y,Tampa Bay Lightning,Defenseman,-74.891865,44.9281049
Victor Hedman,77,1990-12-18,32,Ornskoldsvik,,SWE,"6' 7""",244,TRUE,FALSE,FALSE,FALSE,Y,Tampa Bay Lightning,Defenseman,18.7166166,63.29004740000000
Nikita Kucherov,86,1993-06-17,30,Maykop,,RUS,"5' 11""",181,TRUE,FALSE,FALSE,FALSE,Y,Tampa Bay Lightning,Right Wing,40.1046934,44.6076175
Andrei Vasilevskiy,88,1994-07-25,28,Tyumen,,RUS,"6' 4""",220,TRUE,FALSE,FALSE,FALSE,Y,Tampa Bay Lightning,Goalie,65.5618636,57.1553394
Nicholas Paul,20,1995-03-20,28,Mississauga,ON,CAN,"6' 3""",223,TRUE,FALSE,FALSE,FALSE,Y,Tampa Bay Lightning,Left Wing,-79.6441198,43.5890452
Haydn Fleury,7,1996-07-08,26,Carlyle,SK,CAN,"6' 4""",208,TRUE,FALSE,FALSE,FALSE,Y,Tampa Bay Lightning,Defenseman,-102.2670806,49.6339652
Brayden Point,21,1996-03-13,27,Calgary,AB,CAN,"5' 11""",180,TRUE,FALSE,FALSE,FALSE,Y,Tampa Bay Lightning,Center,-114.0718831,51.04473310000000
Darren Raddysh,43,1996-02-28,27,Toronto,ON,CAN,"6' 1""",200,TRUE,FALSE,FALSE,FALSE,Y,Tampa Bay Lightning,Defenseman,-79.3831843,43.653226
Erik Cernak,81,1997-05-28,26,Kosice,,SVK,"6' 4""",224,TRUE,FALSE,FALSE,FALSE,Y,Tampa Bay Lightning,Defenseman,21.2610746,48.7163857
Anthony Cirelli,71,1997-07-15,25,Etobicoke,ON,CAN,"6' 0""",189,TRUE,FALSE,FALSE,FALSE,Y,Tampa Bay Lightning,Center,-79.5131983,43.6204946
Mikhail Sergachev,98,1998-06-25,25,Nizhnekamsk,,RUS,"6' 1""",217,TRUE,FALSE,FALSE,FALSE,Y,Tampa Bay Lightning,Defenseman,51.8469974,55.613196
Brandon Hagel,38,1998-08-27,24,Saskatoon,SK,CAN,"6' 2""",179,TRUE,FALSE,FALSE,FALSE,Y,Tampa Bay Lightning,Left Wing,-106.6701577,52.157902
Michael Eyssimont,23,1996-09-09,26,Littleton,CO,USA,"6' 0""",180,TRUE,FALSE,FALSE,FALSE,Y,Tampa Bay Lightning,Center,-105.0166498,39.613321
Tanner Jeannot,84,1997-05-29,26,Estevan,SK,CAN,"6' 2""",208,TRUE,FALSE,FALSE,FALSE,Y,Tampa Bay Lightning,Left Wing,-102.9914807,49.1390842
Nick Perbix,48,1998-06-15,25,Elk River,MN,USA,"6' 2""",191,TRUE,FALSE,FALSE,TRUE,Y,Tampa Bay Lightning,Defenseman,-93.5547381,45.303218
Beck Malenstyn,47,1998-02-04,25,Delta,BC,CAN,"6' 3""",200,TRUE,FALSE,FALSE,TRUE,Y,Washington Capitals,Left Wing,-123.0264759,49.09521550000000
Henrik Borgstrom,13,1997-08-06,25,Helsinki,,FIN,"6' 3""",199,TRUE,FALSE,FALSE,FALSE,Y,Washington Capitals,Center,24.938379,60.16985570000000
Aliaksei Protas,59,2001-01-06,22,Vitebsk,,BLR,"6' 6""",225,TRUE,FALSE,FALSE,FALSE,Y,Washington Capitals,Center,30.206359,55.1926809
Alex Ovechkin,8,1985-09-17,37,Moscow,,RUS,"6' 3""",238,TRUE,FALSE,TRUE,FALSE,Y,Washington Capitals,Left Wing,37.6173,55.755826
T.J. Oshie,77,1986-12-23,36,Everett,WA,USA,"6' 0""",187,TRUE,FALSE,FALSE,FALSE,Y,Washington Capitals,Right Wing,-122.2020794,47.9789848
Nicklas Backstrom,19,1987-11-23,35,Gavle,,SWE,"6' 1""",202,TRUE,TRUE,FALSE,FALSE,Y,Washington Capitals,Center,17.1412726,60.6748796
John Carlson,74,1990-01-10,33,Natick,MA,USA,"6' 3""",215,TRUE,TRUE,FALSE,FALSE,Y,Washington Capitals,Defenseman,-71.3468091,42.2775281
Darcy Kuemper,35,1990-05-05,33,Saskatoon,SK,CAN,"6' 5""",215,TRUE,FALSE,FALSE,FALSE,Y,Washington Capitals,Goalie,-106.6701577,52.157902
Nick Jensen,3,1990-09-21,32,Rogers,MN,USA,"6' 1""",205,TRUE,FALSE,FALSE,FALSE,Y,Washington Capitals,Defenseman,-93.5525206,45.1878015
Nic Dowd,26,1990-05-27,33,Huntsville,AL,USA,"6' 1""",193,TRUE,FALSE,FALSE,FALSE,Y,Washington Capitals,Center,-86.5861037,34.7303688
Evgeny Kuznetsov,92,1992-05-19,31,Chelyabinsk,,RUS,"6' 2""",207,TRUE,FALSE,FALSE,FALSE,Y,Washington Capitals,Center,61.4368431,55.1644419
Tom Wilson,43,1994-03-29,29,Toronto,ON,CAN,"6' 4""",220,TRUE,FALSE,FALSE,FALSE,Y,Washington Capitals,Right Wing,-79.3831843,43.653226
Anthony Mantha,39,1994-09-16,28,Longueuil,QC,CAN,"6' 5""",234,TRUE,FALSE,FALSE,FALSE,Y,Washington Capitals,Right Wing,-73.4329187,45.5135059
Trevor van Riemsdyk,57,1991-07-24,31,Middletown,NJ,USA,"6' 3""",191,TRUE,FALSE,FALSE,FALSE,Y,Washington Capitals,Defenseman,-74.09981790000000,40.3927801
Sonny Milano,15,1996-05-12,27,Massapequa,NY,USA,"6' 0""",194,TRUE,FALSE,FALSE,FALSE,Y,Washington Capitals,Left Wing,-73.4742914,40.6806563
Nicolas Aube-Kubel,96,1996-05-10,27,Slave Lake,AB,CAN,"6' 0""",207,TRUE,FALSE,FALSE,FALSE,Y,Washington Capitals,Right Wing,-114.7801488,55.2723922
Dylan Strome,17,1997-03-07,26,Mississauga,ON,CAN,"6' 3""",200,TRUE,FALSE,FALSE,FALSE,Y,Washington Capitals,Center,-79.6441198,43.5890452
Charlie Lindgren,79,1993-12-18,29,Lakeville,MN,USA,"6' 2""",179,TRUE,FALSE,FALSE,FALSE,Y,Washington Capitals,Goalie,-93.24272000000000,44.6496868
Martin Fehervary,42,1999-10-06,23,Bratislava,,SVK,"6' 2""",199,TRUE,FALSE,FALSE,FALSE,Y,Washington Capitals,Defenseman,17.1077477,48.1485965
Alexander Alexeyev,27,1999-11-15,23,St. Petersburg,,RUS,"6' 4""",213,TRUE,FALSE,FALSE,TRUE,Y,Washington Capitals,Defenseman,30.3350941,59.9342596
Rasmus Sandin,38,2000-03-07,23,Uppsala,,SWE,"5' 11""",182,TRUE,FALSE,FALSE,FALSE,Y,Washington Capitals,Defenseman,17.6389267,59.85856380000000
Corey Perry,10,1985-05-16,38,Peterborough,ON,CAN,"6' 3""",208,TRUE,FALSE,FALSE,FALSE,Y,Chicago Blackhawks,Right Wing,-78.3199606,44.3047061
Nick Foligno,17,1987-10-31,35,Buffalo,NY,USA,"6' 0""",210,TRUE,FALSE,FALSE,FALSE,Y,Chicago Blackhawks,Left Wing,-78.8783689,42.88644680000000
Tyler Johnson,90,1990-07-29,32,Spokane,WA,USA,"5' 8""",185,TRUE,FALSE,FALSE,FALSE,Y,Chicago Blackhawks,Center,-117.4260466,47.6587802
Taylor Hall,71,1991-11-14,31,Calgary,AB,CAN,"6' 1""",210,TRUE,FALSE,FALSE,FALSE,Y,Chicago Blackhawks,Left Wing,-114.0718831,51.04473310000000
Jarred Tinordi,25,1992-02-20,31,Millersville,MD,USA,"6' 6""",229,TRUE,FALSE,FALSE,FALSE,Y,Chicago Blackhawks,Defenseman,-76.64858220000000,39.0574783
Petr Mrazek,34,1992-02-14,31,Ostrava,,CZE,"6' 2""",188,TRUE,FALSE,FALSE,FALSE,Y,Chicago Blackhawks,Goalie,18.2625243,49.8209226
Colin Blackwell,43,1993-03-28,30,North Andover,MA,USA,"5' 9""",190,TRUE,FALSE,FALSE,FALSE,Y,Chicago Blackhawks,Center,-71.1350575,42.69870240000000
Connor Murphy,5,1993-03-26,30,Dublin,OH,USA,"6' 4""",212,TRUE,TRUE,FALSE,FALSE,Y,Chicago Blackhawks,Defenseman,-83.1140771,40.0992294
Andreas Athanasiou,89,1994-08-06,28,Woodbridge,ON,CAN,"6' 2""",190,TRUE,FALSE,FALSE,FALSE,Y,Chicago Blackhawks,Center,0.0,0.0
Jason Dickinson,17,1995-07-04,27,Georgetown,ON,CAN,"6' 2""",200,TRUE,FALSE,FALSE,FALSE,Y,Chicago Blackhawks,Center,-77.07225850000000,38.9076089
Seth Jones,4,1994-10-03,28,Arlington,TX,USA,"6' 4""",213,TRUE,FALSE,FALSE,FALSE,Y,Chicago Blackhawks,Defenseman,-97.10806560000000,32.735687
Boris Katchouk,14,1998-06-18,25,Vancouver,BC,CAN,"6' 2""",206,TRUE,FALSE,FALSE,FALSE,Y,Chicago Blackhawks,Left Wing,-123.1207375,49.2827291
Taylor Raddysh,11,1998-02-18,25,Caledon,ON,CAN,"6' 3""",198,TRUE,FALSE,FALSE,FALSE,Y,Chicago Blackhawks,Right Wing,-79.8670882,43.8701204
Nikita Zaitsev,22,1991-10-29,31,Moscow,,RUS,"6' 2""",192,TRUE,FALSE,FALSE,FALSE,Y,Chicago Blackhawks,Defenseman,37.6173,55.755826
MacKenzie Entwistle,58,1999-07-14,23,Georgetown,ON,CAN,"6' 3""",184,TRUE,FALSE,FALSE,FALSE,Y,Chicago Blackhawks,Right Wing,-77.07225850000000,38.9076089
Cole Guttman,70,1999-04-06,24,Northridge,CA,USA,"5' 9""",167,TRUE,FALSE,FALSE,TRUE,Y,Chicago Blackhawks,Center,-118.530123,34.2381251
Philipp Kurashev,23,1999-10-12,23,Munsingen,,CHE,"6' 0""",190,TRUE,FALSE,FALSE,FALSE,Y,Chicago Blackhawks,Center,7.5627528,46.8746813
Reese Johnson,52,1998-07-10,24,Regina,SK,CAN,"6' 1""",193,TRUE,FALSE,FALSE,FALSE,Y,Chicago Blackhawks,Center,-104.6188944,50.4452112
Wyatt Kaiser,44,2002-07-31,20,Andover,MN,USA,"6' 0""",173,TRUE,FALSE,FALSE,TRUE,Y,Chicago Blackhawks,Defenseman,-93.29134050000000,45.2332984
Michael Rasmussen,27,1999-04-17,24,Surrey,BC,CAN,"6' 6""",211,TRUE,FALSE,FALSE,FALSE,I,Detroit Red Wings,Center,-122.8490125,49.1913466
Simon Edvinsson,3,2003-02-05,20,Kungsbacka,,SWE,"6' 6""",209,TRUE,FALSE,FALSE,TRUE,Y,Detroit Red Wings,Defenseman,12.0761927,57.48749190000000
David Perron,57,1988-05-28,35,Sherbrooke,QC,CAN,"6' 1""",196,TRUE,FALSE,FALSE,FALSE,Y,Detroit Red Wings,Left Wing,-71.89367400000000,45.4042669
Ben Chiarot,8,1991-05-09,32,Hamilton,ON,CAN,"6' 3""",232,TRUE,FALSE,FALSE,FALSE,Y,Detroit Red Wings,Defenseman,-79.8711024,43.2557206
Olli Maatta,2,1994-08-22,28,Jyväskylä,,FIN,"6' 2""",207,TRUE,FALSE,FALSE,FALSE,Y,Detroit Red Wings,Defenseman,25.7472567,62.2426034
Dominik Kubalik,81,1995-08-21,27,Plzen,,CZE,"6' 2""",190,TRUE,FALSE,FALSE,FALSE,Y,Detroit Red Wings,Left Wing,13.3736371,49.7384314
Andrew Copp,18,1994-07-08,28,Ann Arbor,MI,USA,"6' 1""",199,TRUE,FALSE,FALSE,FALSE,Y,Detroit Red Wings,Center,-83.7430378,42.2808256
Dylan Larkin,71,1996-07-30,26,Waterford,MI,USA,"6' 1""",198,TRUE,FALSE,TRUE,FALSE,Y,Detroit Red Wings,Center,-83.4066132,42.6907443
Robby Fabbri,14,1996-01-22,27,Mississauga,ON,CAN,"5' 11""",185,TRUE,FALSE,FALSE,FALSE,Y,Detroit Red Wings,Center,-79.6441198,43.5890452
Jake Walman,96,1996-02-20,27,Toronto,ON,CAN,"6' 2""",215,TRUE,FALSE,FALSE,FALSE,Y,Detroit Red Wings,Defenseman,-79.3831843,43.653226
Ville Husso,35,1995-02-06,28,Helsinki,,FIN,"6' 3""",200,TRUE,FALSE,FALSE,FALSE,Y,Detroit Red Wings,Goalie,24.938379,60.16985570000000
Austin Czarnik,21,1992-12-12,30,Detroit,MI,USA,"5' 9""",170,TRUE,FALSE,FALSE,FALSE,Y,Detroit Red Wings,Center,-83.0457538,42.331427
Joe Veleno,90,2000-01-13,23,Montréal,QC,CAN,"6' 1""",203,TRUE,FALSE,FALSE,FALSE,Y,Detroit Red Wings,Center,-73.56739190000000,45.5018869
Filip Zadina,11,1999-11-27,23,Pardubice,,CZE,"6' 0""",190,TRUE,FALSE,FALSE,FALSE,Y,Detroit Red Wings,Right Wing,15.7811994,50.0343092
Jonatan Berggren,52,2000-07-16,22,Uppsala,,SWE,"5' 11""",197,TRUE,FALSE,FALSE,TRUE,Y,Detroit Red Wings,Right Wing,17.6389267,59.85856380000000
Moritz Seider,53,2001-04-06,22,Zell,,DEU,"6' 4""",204,TRUE,FALSE,FALSE,FALSE,Y,Detroit Red Wings,Defenseman,7.1815373,50.02550130000000
Lucas Raymond,23,2002-03-28,21,Gothenburg,,SWE,"5' 11""",176,TRUE,FALSE,FALSE,FALSE,Y,Detroit Red Wings,Left Wing,11.97456,57.70887
Marco Kasper,92,2004-04-08,19,Innsbruck,,AUT,"6' 1""",183,TRUE,FALSE,FALSE,TRUE,Y,Detroit Red Wings,Center,11.4041024,47.2692124
Filip Forsberg,9,1994-08-13,28,Ostervala,,SWE,"6' 1""",205,TRUE,FALSE,FALSE,FALSE,I,Nashville Predators,Left Wing,17.1799533,60.18083180000000
Ryan McDonagh,27,1989-06-13,34,St. Paul,MN,USA,"6' 1""",215,TRUE,TRUE,FALSE,FALSE,Y,Nashville Predators,Defenseman,-93.0899578,44.9537029
Roman Josi,59,1990-06-01,33,Bern,,CHE,"6' 1""",201,TRUE,FALSE,TRUE,FALSE,Y,Nashville Predators,Defenseman,7.4474468,46.9479739
Matt Duchene,95,1991-01-16,32,Haliburton,ON,CAN,"5' 11""",195,TRUE,FALSE,FALSE,FALSE,Y,Nashville Predators,Center,-78.5068228,45.0472004
Tyson Barrie,22,1991-07-26,31,Victoria,BC,CAN,"5' 11""",197,TRUE,FALSE,FALSE,FALSE,Y,Nashville Predators,Defenseman,-123.3656444,48.4284207
Colton Sissons,10,1993-11-05,29,North Vancouver,BC,CAN,"6' 1""",200,TRUE,TRUE,FALSE,FALSE,Y,Nashville Predators,Center,-123.0724139,49.3199816
Juuse Saros,74,1995-04-19,28,Forssa,,FIN,"5' 11""",180,TRUE,FALSE,FALSE,FALSE,Y,Nashville Predators,Goalie,23.6339467,60.81463190000000
Tommy Novak,82,1997-04-28,26,St. Paul,MN,USA,"6' 1""",179,TRUE,FALSE,FALSE,FALSE,Y,Nashville Predators,Center,-93.0899578,44.9537029
Jeremy Lauzon,3,1997-04-28,26,Val-d'Or,QC,CAN,"6' 1""",204,TRUE,FALSE,FALSE,FALSE,Y,Nashville Predators,Defenseman,-77.7967676,48.0987106
Yakov Trenin,13,1997-01-13,26,Chelyabinsk,,RUS,"6' 2""",201,TRUE,FALSE,FALSE,FALSE,Y,Nashville Predators,Center,61.4368431,55.1644419
Alexandre Carrier,45,1996-10-08,26,Quebec City,QC,CAN,"5' 11""",174,TRUE,FALSE,FALSE,FALSE,Y,Nashville Predators,Defenseman,-71.20745960000000,46.8130816
Dante Fabbro,57,1998-06-20,25,Coquitlam,BC,CAN,"6' 0""",189,TRUE,FALSE,FALSE,FALSE,Y,Nashville Predators,Defenseman,-122.7932065,49.2837626
Cody Glass,8,1999-04-01,24,Winnipeg,MB,CAN,"6' 3""",206,TRUE,FALSE,FALSE,FALSE,Y,Nashville Predators,Center,-97.1385145,49.8954221
Kevin Lankinen,32,1995-04-28,28,Helsinki,,FIN,"6' 2""",190,TRUE,FALSE,FALSE,FALSE,Y,Nashville Predators,Goalie,24.938379,60.16985570000000
Juuso Parssinen,75,2001-02-01,22,Hameenlinna,,FIN,"6' 3""",212,TRUE,FALSE,FALSE,TRUE,Y,Nashville Predators,Center,24.4590243,60.9928787
Cole Smith,36,1995-10-28,27,Brainerd,MN,USA,"6' 3""",195,TRUE,FALSE,FALSE,FALSE,Y,Nashville Predators,Left Wing,-94.2020084,46.3526733
Jake Livingstone,23,1999-04-16,24,Creston,BC,CAN,"6' 3""",205,TRUE,FALSE,FALSE,TRUE,Y,Nashville Predators,Defenseman,-116.5135079,49.0955401
Robert Bortuzzo,41,1989-03-18,34,Thunder Bay,ON,CAN,"6' 4""",216,TRUE,FALSE,FALSE,FALSE,Y,St. Louis Blues,Defenseman,-89.2476823,48.3808951
Marco Scandella,6,1990-02-23,33,Montréal,QC,CAN,"6' 3""",212,TRUE,FALSE,FALSE,FALSE,Y,St. Louis Blues,Defenseman,-73.56739190000000,45.5018869
Brayden Schenn,10,1991-08-22,31,Saskatoon,SK,CAN,"6' 1""",199,TRUE,TRUE,FALSE,FALSE,Y,St. Louis Blues,Center,-106.6701577,52.157902
Nick Leddy,4,1991-03-20,32,Eden Prairie,MN,USA,"6' 0""",205,TRUE,FALSE,FALSE,FALSE,Y,St. Louis Blues,Defenseman,-93.47078600000000,44.8546856
Justin Faulk,72,1992-03-20,31,South St. Paul,MN,USA,"6' 0""",214,TRUE,FALSE,FALSE,FALSE,Y,St. Louis Blues,Defenseman,-93.0275802,44.8759802
Kevin Hayes,,1992-05-08,31,Dorchester,MA,USA,"6' 5""",216,TRUE,FALSE,FALSE,FALSE,Y,St. Louis Blues,Right Wing,-71.06485290000000,42.29948480000000
Jordan Binnington,50,1993-07-11,29,Richmond Hill,ON,CAN,"6' 2""",172,TRUE,FALSE,FALSE,FALSE,Y,St. Louis Blues,Goalie,-79.4402808,43.8828401
Brandon Saad,20,1992-10-27,30,Pittsburgh,PA,USA,"6' 1""",215,TRUE,FALSE,FALSE,FALSE,Y,St. Louis Blues,Left Wing,-79.9958864,40.44062480000000
Torey Krug,47,1991-04-12,32,Livonia,MI,USA,"5' 9""",194,TRUE,FALSE,FALSE,FALSE,Y,St. Louis Blues,Defenseman,-83.35270970000000,42.36837
Colton Parayko,55,1993-05-12,30,St. Albert,AB,CAN,"6' 6""",228,TRUE,TRUE,FALSE,FALSE,Y,St. Louis Blues,Defenseman,-113.6292701,53.6539037
Pavel Buchnevich,89,1995-04-17,28,Cherepovets,,RUS,"6' 1""",196,TRUE,FALSE,FALSE,FALSE,Y,St. Louis Blues,Left Wing,37.9091811,59.132333
Nathan Walker,26,1994-02-07,29,Cardiff,,GBR,"5' 9""",187,TRUE,FALSE,FALSE,FALSE,Y,St. Louis Blues,Left Wing,-3.1680962,51.483707
Jakub Vrana,15,1996-02-28,27,Prague,,CZE,"6' 0""",190,TRUE,FALSE,FALSE,FALSE,Y,St. Louis Blues,Left Wing,14.4378005,50.0755381
Kasperi Kapanen,42,1996-07-23,26,Kuopio,,FIN,"6' 1""",194,TRUE,FALSE,FALSE,FALSE,Y,St. Louis Blues,Right Wing,27.6781725,62.89797000000000
Sammy Blais,79,1996-06-17,27,Montmagny,QC,CAN,"6' 2""",206,TRUE,FALSE,FALSE,FALSE,Y,St. Louis Blues,Left Wing,-70.5565719,46.9801031
Jordan Kyrou,25,1998-05-05,25,Toronto,ON,CAN,"6' 1""",196,TRUE,FALSE,FALSE,FALSE,Y,St. Louis Blues,Center,-79.3831843,43.653226
Robert Thomas,18,1999-07-02,24,Aurora,ON,CAN,"6' 0""",218,TRUE,FALSE,FALSE,FALSE,Y,St. Louis Blues,Center,0.0,0.0
Calle Rosen,43,1994-02-02,29,Vaxjo,,SWE,"6' 1""",188,TRUE,FALSE,FALSE,FALSE,Y,St. Louis Blues,Defenseman,14.8058522,56.8790044
Alexey Toropchenko,13,1999-06-25,24,Moscow,,RUS,"6' 6""",222,TRUE,FALSE,FALSE,FALSE,Y,St. Louis Blues,Right Wing,37.6173,55.755826
Jake Neighbours,63,2002-03-29,21,Calgary,AB,CAN,"6' 0""",201,TRUE,FALSE,FALSE,TRUE,Y,St. Louis Blues,Left Wing,-114.0718831,51.04473310000000
Jakob Pelletier,49,2001-03-07,22,Québec,QC,CAN,"5' 9""",170,TRUE,FALSE,FALSE,TRUE,Y,Calgary Flames,Left Wing,-71.20745960000000,46.8130816
Dustin Wolf,32,2001-04-16,22,Gilroy,CA,USA,"6' 0""",166,TRUE,FALSE,FALSE,TRUE,Y,Calgary Flames,Goalie,-121.5566373,37.0029828
Walker Duehr,71,1997-11-23,25,Sioux Falls,SD,USA,"6' 2""",210,TRUE,FALSE,FALSE,TRUE,Y,Calgary Flames,Right Wing,-96.731265,43.5460223
Mikael Backlund,11,1989-03-17,34,Vasteras,,SWE,"6' 0""",206,TRUE,FALSE,FALSE,FALSE,Y,Calgary Flames,Center,16.5448091,59.60990050000000
Jacob Markstrom,25,1990-01-31,33,Gavle,,SWE,"6' 6""",207,TRUE,FALSE,FALSE,FALSE,Y,Calgary Flames,Goalie,17.1412726,60.6748796
Nazem Kadri,91,1990-10-06,32,London,ON,CAN,"6' 0""",185,TRUE,FALSE,FALSE,FALSE,Y,Calgary Flames,Center,-81.2452768,42.9849233
Chris Tanev,8,1989-12-20,33,Toronto,ON,CAN,"6' 2""",193,TRUE,FALSE,FALSE,FALSE,Y,Calgary Flames,Defenseman,-79.3831843,43.653226
Blake Coleman,20,1991-11-28,31,Plano,TX,USA,"5' 11""",199,TRUE,FALSE,FALSE,FALSE,Y,Calgary Flames,Center,-96.6988856,33.0198431
Jonathan Huberdeau,10,1993-06-04,30,Saint-Jerome,QC,CAN,"6' 1""",200,TRUE,FALSE,FALSE,FALSE,Y,Calgary Flames,Center,-74.004948,45.775357
MacKenzie Weegar,52,1994-01-07,29,Ottawa,ON,CAN,"6' 0""",206,TRUE,FALSE,FALSE,FALSE,Y,Calgary Flames,Defenseman,-75.69719310000000,45.4215296
Elias Lindholm,28,1994-12-02,28,Boden,,SWE,"6' 1""",202,TRUE,FALSE,FALSE,FALSE,Y,Calgary Flames,Center,21.6887028,65.8251188
Nikita Zadorov,16,1995-04-16,28,Moscow,,RUS,"6' 6""",248,TRUE,FALSE,FALSE,FALSE,Y,Calgary Flames,Defenseman,37.6173,55.755826
Andrew Mangiapane,88,1996-04-04,27,Toronto,ON,CAN,"5' 10""",184,TRUE,FALSE,FALSE,FALSE,Y,Calgary Flames,Left Wing,-79.3831843,43.653226
Noah Hanifin,55,1997-01-25,26,Boston,MA,USA,"6' 3""",207,TRUE,FALSE,FALSE,FALSE,Y,Calgary Flames,Defenseman,-71.0588801,42.3600825
Rasmus Andersson,4,1996-10-27,26,Malmo,,SWE,"6' 1""",202,TRUE,FALSE,FALSE,FALSE,Y,Calgary Flames,Defenseman,13.003822,55.604981
Dan Vladar,80,1997-08-20,25,Prague,,CZE,"6' 5""",209,TRUE,FALSE,FALSE,TRUE,Y,Calgary Flames,Goalie,14.4378005,50.0755381
Dennis Gilbert,48,1996-10-30,26,Buffalo,NY,USA,"6' 2""",216,TRUE,FALSE,FALSE,TRUE,Y,Calgary Flames,Defenseman,-78.8783689,42.88644680000000
Dillon Dube,29,1998-07-20,24,Golden,BC,CAN,"5' 11""",185,TRUE,FALSE,FALSE,FALSE,Y,Calgary Flames,Center,-116.9631367,51.2961188
Adam Ruzicka,63,1999-05-11,24,Bratislava,,SVK,"6' 4""",215,TRUE,FALSE,FALSE,FALSE,Y,Calgary Flames,Center,17.1077477,48.1485965
Yegor Sharangovich,17,1998-06-06,25,Minsk,,BLR,"6' 2""",196,TRUE,FALSE,FALSE,FALSE,Y,Calgary Flames,Center,27.558972,53.9006011
Matt Coronato,39,2002-11-14,20,Greenlawn,NY,USA,"5' 10""",183,TRUE,FALSE,FALSE,TRUE,Y,Calgary Flames,Right Wing,-73.36511850000000,40.8689871
Sampo Ranta,75,2000-05-31,23,Naantali,,FIN,"6' 2""",195,TRUE,FALSE,FALSE,TRUE,Y,Colorado Avalanche,Left Wing,22.0250873,60.46608760000000
Jean-Luc Foudy,93,2002-05-13,21,Scarborough,ON,CAN,"5' 11""",177,TRUE,FALSE,FALSE,TRUE,Y,Colorado Avalanche,Center,-79.2317521,43.7764258
Ben Meyers,59,1998-11-15,24,Delano,MN,USA,"5' 11""",194,TRUE,FALSE,FALSE,TRUE,Y,Colorado Avalanche,Center,-93.7891331,45.0419073
Ryan Johansen,92,1992-07-31,30,Vancouver,BC,CAN,"6' 3""",218,TRUE,FALSE,FALSE,FALSE,Y,Colorado Avalanche,Center,-123.1207375,49.2827291
Josh Manson,42,1991-10-07,31,Hinsdale,IL,USA,"6' 3""",218,TRUE,FALSE,FALSE,FALSE,Y,Colorado Avalanche,Defenseman,-87.9370052,41.8008642
Kurtis MacDermid,56,1994-03-25,29,Sauble Beach,ON,CAN,"6' 5""",233,TRUE,FALSE,FALSE,FALSE,Y,Colorado Avalanche,Defenseman,-81.2650823,44.6296021
Artturi Lehkonen,62,1995-07-04,27,Piikkio,,FIN,"5' 11""",179,TRUE,FALSE,FALSE,FALSE,Y,Colorado Avalanche,Left Wing,22.5232337,60.42633250000000
Nathan MacKinnon,29,1995-09-01,27,Halifax,NS,CAN,"6' 0""",200,TRUE,TRUE,FALSE,FALSE,Y,Colorado Avalanche,Center,-63.1005273,44.8857087
Valeri Nichushkin,13,1995-03-04,28,Chelyabinsk,,RUS,"6' 4""",210,TRUE,FALSE,FALSE,FALSE,Y,Colorado Avalanche,Right Wing,61.4368431,55.1644419
Fredrik Olofsson,42,1996-05-27,27,Helsingborg,,SWE,"6' 2""",190,TRUE,FALSE,FALSE,FALSE,Y,Colorado Avalanche,Left Wing,12.6945121,56.0464674
Devon Toews,7,1994-02-21,29,Abbotsford,BC,CAN,"6' 1""",191,TRUE,FALSE,FALSE,FALSE,Y,Colorado Avalanche,Defenseman,-122.3044697,49.0504377
Mikko Rantanen,96,1996-10-29,26,Nousiainen,,FIN,"6' 4""",215,TRUE,TRUE,FALSE,FALSE,Y,Colorado Avalanche,Right Wing,22.0825053,60.59900220000000
Samuel Girard,49,1998-05-12,25,Roberval,QC,CAN,"5' 10""",170,TRUE,FALSE,FALSE,FALSE,Y,Colorado Avalanche,Defenseman,-72.2219993,48.5187633
Ross Colton,79,1996-09-11,26,Robbinsville,NJ,USA,"6' 0""",194,TRUE,FALSE,FALSE,FALSE,Y,Colorado Avalanche,Center,-74.6195327,40.2162036
Cale Makar,8,1998-10-30,24,Calgary,AB,CAN,"5' 11""",187,TRUE,FALSE,FALSE,FALSE,Y,Colorado Avalanche,Defenseman,-114.0718831,51.04473310000000
Alexandar Georgiev,40,1996-02-10,27,Ruse,,BGR,"6' 1""",178,TRUE,FALSE,FALSE,FALSE,Y,Colorado Avalanche,Goalie,25.9656554,43.83557130000000
Pavel Francouz,39,1990-06-03,33,Plzen,,CZE,"6' 0""",179,TRUE,FALSE,FALSE,FALSE,Y,Colorado Avalanche,Goalie,13.3736371,49.7384314
Logan O'Connor,25,1996-08-14,26,Missouri City,TX,USA,"6' 0""",175,TRUE,FALSE,FALSE,FALSE,Y,Colorado Avalanche,Right Wing,-95.5377215,29.6185669
Bowen Byram,4,2001-06-13,22,Cranbrook,BC,CAN,"6' 1""",190,TRUE,FALSE,FALSE,FALSE,Y,Colorado Avalanche,Defenseman,-115.7694002,49.5129678
Evander Kane,91,1991-08-02,31,Vancouver,BC,CAN,"6' 2""",210,TRUE,FALSE,FALSE,FALSE,Y,Edmonton Oilers,Left Wing,-123.1207375,49.2827291
Mattias Ekholm,14,1990-05-24,33,Borlange,,SWE,"6' 4""",215,TRUE,FALSE,FALSE,FALSE,Y,Edmonton Oilers,Defenseman,15.433969,60.484304
Calvin Pickard,30,1992-04-15,31,Moncton,NB,CAN,"6' 1""",210,TRUE,FALSE,FALSE,FALSE,Y,Edmonton Oilers,Goalie,-64.7782313,46.0878165
Zach Hyman,18,1992-06-09,31,Toronto,ON,CAN,"6' 1""",211,TRUE,FALSE,FALSE,FALSE,Y,Edmonton Oilers,Left Wing,-79.3831843,43.653226
Jack Campbell,36,1992-01-09,31,Port Huron,MI,USA,"6' 3""",207,TRUE,FALSE,FALSE,FALSE,Y,Edmonton Oilers,Goalie,-82.42491420000000,42.9708634
Ryan Nugent-Hopkins,93,1993-04-12,30,Burnaby,BC,CAN,"6' 0""",195,TRUE,TRUE,FALSE,FALSE,Y,Edmonton Oilers,Center,-122.9805104,49.2488091
Cody Ceci,5,1993-12-21,29,Ottawa,ON,CAN,"6' 2""",210,TRUE,FALSE,FALSE,FALSE,Y,Edmonton Oilers,Defenseman,-75.69719310000000,45.4215296
Brett Kulak,27,1994-01-06,29,Edmonton,AB,CAN,"6' 1""",197,TRUE,FALSE,FALSE,FALSE,Y,Edmonton Oilers,Defenseman,-113.4937266,53.5460983
Mattias Janmark,26,1992-12-08,30,Danderyd,,SWE,"6' 1""",205,TRUE,FALSE,FALSE,FALSE,Y,Edmonton Oilers,Center,18.0256382,59.4059401
Darnell Nurse,25,1995-02-04,28,Hamilton,ON,CAN,"6' 4""",221,TRUE,TRUE,FALSE,FALSE,Y,Edmonton Oilers,Defenseman,-79.8711024,43.2557206
Leon Draisaitl,29,1995-10-27,27,Cologne,,DEU,"6' 2""",208,TRUE,TRUE,FALSE,FALSE,Y,Edmonton Oilers,Center,6.9602786,50.937531
Warren Foegele,37,1996-04-01,27,Markham,ON,CAN,"6' 2""",198,TRUE,FALSE,FALSE,FALSE,Y,Edmonton Oilers,Left Wing,-79.3370188,43.8561002
Connor McDavid,97,1997-01-13,26,Richmond Hill,ON,CAN,"6' 1""",193,TRUE,FALSE,TRUE,FALSE,Y,Edmonton Oilers,Center,-79.4402808,43.8828401
Derek Ryan,10,1986-12-29,36,Spokane,WA,USA,"5' 10""",185,TRUE,FALSE,FALSE,FALSE,Y,Edmonton Oilers,Center,-117.4260466,47.6587802
Markus Niemelainen,80,1998-06-08,25,Kuopio,,FIN,"6' 6""",190,TRUE,FALSE,FALSE,TRUE,Y,Edmonton Oilers,Defenseman,27.6781725,62.89797000000000
Vincent Desharnais,73,1996-05-29,27,Laval,QC,CAN,"6' 6""",215,TRUE,FALSE,FALSE,FALSE,Y,Edmonton Oilers,Defenseman,-73.712409,45.6066487
Stuart Skinner,74,1998-11-01,24,Edmonton,AB,CAN,"6' 4""",206,TRUE,FALSE,FALSE,TRUE,Y,Edmonton Oilers,Goalie,-113.4937266,53.5460983
Ryan McLeod,71,1999-09-21,23,Mississauga,ON,CAN,"6' 2""",207,TRUE,FALSE,FALSE,FALSE,Y,Edmonton Oilers,Center,-79.6441198,43.5890452
Evan Bouchard,2,1999-10-20,23,Oakville,ON,CAN,"6' 3""",194,TRUE,FALSE,FALSE,FALSE,Y,Edmonton Oilers,Defenseman,-79.6876659,43.467517
Philip Broberg,86,2001-06-25,22,Orebro,,SWE,"6' 3""",199,TRUE,FALSE,FALSE,TRUE,Y,Edmonton Oilers,Defenseman,15.2134105,59.2752626
Dylan Holloway,55,2001-09-23,21,Calgary,AB,CAN,"6' 1""",203,TRUE,FALSE,FALSE,TRUE,Y,Edmonton Oilers,Left Wing,-114.0718831,51.04473310000000
Tanner Pearson,70,1992-08-10,30,Kitchener,ON,CAN,"6' 1""",201,TRUE,FALSE,FALSE,FALSE,I,Vancouver Canucks,Left Wing,-80.4925337,43.4516395
Tucker Poolman,5,1993-06-08,30,Dubuque,IA,USA,"6' 2""",199,TRUE,FALSE,FALSE,FALSE,I,Vancouver Canucks,Defenseman,-90.6677347,42.506348
Ilya Mikheyev,65,1994-10-10,28,Omsk,,RUS,"6' 2""",192,TRUE,FALSE,FALSE,FALSE,I,Vancouver Canucks,Right Wing,73.3645204,54.9913545
Tyler Myers,57,1990-02-01,33,Houston,TX,USA,"6' 8""",229,TRUE,FALSE,FALSE,FALSE,Y,Vancouver Canucks,Defenseman,-95.3698028,29.7604267
J.T. Miller,9,1993-03-14,30,East Palestine,OH,USA,"6' 1""",218,TRUE,TRUE,FALSE,FALSE,Y,Vancouver Canucks,Center,-80.5403469,40.8339509
Phillip Di Giuseppe,34,1993-10-09,29,Toronto,ON,CAN,"6' 0""",193,TRUE,FALSE,FALSE,FALSE,Y,Vancouver Canucks,Left Wing,-79.3831843,43.653226
Thatcher Demko,35,1995-12-08,27,San Diego,CA,USA,"6' 4""",192,TRUE,FALSE,FALSE,FALSE,Y,Vancouver Canucks,Goalie,-117.1610838,32.715738
Dakota Joshua,81,1996-05-15,27,Dearborn,MI,USA,"6' 3""",206,TRUE,FALSE,FALSE,FALSE,Y,Vancouver Canucks,Center,-83.17631450000000,42.3222599
Brock Boeser,6,1997-02-25,26,Burnsville,MN,USA,"6' 1""",208,TRUE,FALSE,FALSE,FALSE,Y,Vancouver Canucks,Right Wing,-93.27772260000000,44.7677424
Anthony Beauvillier,72,1997-06-08,26,Sorel-Tracy,QC,CAN,"5' 11""",180,TRUE,FALSE,FALSE,FALSE,Y,Vancouver Canucks,Left Wing,-73.112302,46.042825
Guillaume Brisebois,55,1997-07-21,25,Longueuil,QC,CAN,"6' 2""",175,TRUE,FALSE,FALSE,TRUE,Y,Vancouver Canucks,Defenseman,-73.4329187,45.5135059
Conor Garland,8,1996-03-11,27,Scituate,MA,USA,"5' 10""",165,TRUE,FALSE,FALSE,FALSE,Y,Vancouver Canucks,Right Wing,-70.7258633,42.195929
Filip Hronek,17,1997-11-02,25,Hradec Kralove,,CZE,"6' 0""",190,TRUE,FALSE,FALSE,FALSE,Y,Vancouver Canucks,Defenseman,15.825211,50.2103605
Elias Pettersson,40,1998-11-12,24,Sundsvall,,SWE,"6' 2""",176,TRUE,FALSE,FALSE,FALSE,Y,Vancouver Canucks,Center,17.306927,62.390811
Jack Studnicka,18,1999-02-18,24,Windsor,ON,CAN,"6' 1""",187,TRUE,FALSE,FALSE,FALSE,Y,Vancouver Canucks,Center,-83.03636330000000,42.3149367
Sheldon Dries,15,1994-04-23,29,Macomb,MI,USA,"5' 9""",180,TRUE,FALSE,FALSE,FALSE,Y,Vancouver Canucks,Center,-82.92864280000000,42.6651965
Quinn Hughes,43,1999-10-14,23,Orlando,FL,USA,"5' 10""",180,TRUE,FALSE,FALSE,FALSE,Y,Vancouver Canucks,Defenseman,-81.3789269,28.5383832
Vitali Kravtsov,91,1999-12-23,23,Vladivostok,,RUS,"6' 3""",186,TRUE,FALSE,FALSE,TRUE,Y,Vancouver Canucks,Right Wing,131.9112975,43.1332484
Vasily Podkolzin,92,2001-06-24,22,Moscow,,RUS,"6' 1""",190,TRUE,FALSE,FALSE,FALSE,Y,Vancouver Canucks,Right Wing,37.6173,55.755826
Aidan McDonough,25,1999-11-06,23,Milton,MA,USA,"6' 3""",190,TRUE,FALSE,FALSE,TRUE,Y,Vancouver Canucks,Left Wing,-71.0661653,42.2495321
Nils Aman,88,2000-02-07,23,Avesta,,SWE,"6' 2""",179,TRUE,FALSE,FALSE,TRUE,Y,Vancouver Canucks,Center,16.1738399,60.14533000000000
Andrei Kuzmenko,96,1996-02-04,27,Yakutsk,,RUS,"5' 11""",194,TRUE,FALSE,FALSE,FALSE,Y,Vancouver Canucks,Left Wing,129.7422193,62.03969120000000
Akito Hirose,36,1999-04-09,24,Calgary,AB,CAN,"6' 0""",170,TRUE,FALSE,FALSE,TRUE,Y,Vancouver Canucks,Defenseman,-114.0718831,51.04473310000000
Cole McWard,48,2001-06-09,22,Fenton,MO,USA,"6' 1""",192,TRUE,FALSE,FALSE,TRUE,Y,Vancouver Canucks,Defenseman,-90.4429881,38.5126456
Urho Vaakanainen,5,1999-01-01,24,Joensuu,,FIN,"6' 2""",200,TRUE,FALSE,FALSE,FALSE,I,Anaheim Ducks,Defenseman,29.7635719,62.6010155
Adam Henrique,14,1990-02-06,33,Brantford,ON,CAN,"6' 0""",195,TRUE,TRUE,FALSE,FALSE,Y,Anaheim Ducks,Center,-80.2644254,43.1393867
Jakob Silfverberg,33,1990-10-13,32,Gavle,,SWE,"6' 1""",207,TRUE,TRUE,FALSE,FALSE,Y,Anaheim Ducks,Right Wing,17.1412726,60.6748796
Cam Fowler,4,1991-12-05,31,Windsor,ON,CAN,"6' 2""",215,TRUE,TRUE,FALSE,FALSE,Y,Anaheim Ducks,Defenseman,-83.03636330000000,42.3149367
Sam Carrick,39,1992-02-04,31,Markham,ON,CAN,"6' 0""",200,TRUE,FALSE,FALSE,FALSE,Y,Anaheim Ducks,Center,-79.3370188,43.8561002
John Gibson,36,1993-07-14,29,Pittsburgh,PA,USA,"6' 2""",210,TRUE,FALSE,FALSE,FALSE,Y,Anaheim Ducks,Goalie,-79.9958864,40.44062480000000
Ryan Strome,16,1993-07-11,29,Mississauga,ON,CAN,"6' 1""",191,TRUE,FALSE,FALSE,FALSE,Y,Anaheim Ducks,Center,-79.6441198,43.5890452
Brock McGinn,26,1994-02-02,29,Fergus,ON,CAN,"6' 0""",187,TRUE,FALSE,FALSE,FALSE,Y,Anaheim Ducks,Left Wing,0.0,0.0
Frank Vatrano,77,1994-03-14,29,East Longmeadow,MA,USA,"5' 11""",197,TRUE,FALSE,FALSE,FALSE,Y,Anaheim Ducks,Right Wing,-72.5125863,42.0645396
Colton White,45,1997-05-03,26,London,ON,CAN,"6' 1""",187,TRUE,FALSE,FALSE,FALSE,Y,Anaheim Ducks,Defenseman,-81.2452768,42.9849233
Troy Terry,19,1997-09-10,25,Denver,CO,USA,"6' 0""",185,TRUE,FALSE,FALSE,FALSE,Y,Anaheim Ducks,Right Wing,-104.990251,39.7392358
Max Jones,49,1998-02-17,25,Rochester,MI,USA,"6' 3""",216,TRUE,FALSE,FALSE,FALSE,Y,Anaheim Ducks,Left Wing,-83.1338214,42.680588
Isac Lundestrom,21,1999-11-06,23,Gallivare,,SWE,"6' 0""",193,TRUE,FALSE,FALSE,FALSE,Y,Anaheim Ducks,Center,20.6593618,67.1379
Lukas Dostal,1,2000-06-22,23,Brno,,CZE,"6' 2""",174,TRUE,FALSE,FALSE,TRUE,Y,Anaheim Ducks,Goalie,16.6068371,49.1950602
Brett Leason,20,1999-04-30,24,Calgary,AB,CAN,"6' 5""",218,TRUE,FALSE,FALSE,FALSE,Y,Anaheim Ducks,Right Wing,-114.0718831,51.04473310000000
Trevor Zegras,11,2001-03-20,22,Bedford,NY,USA,"6' 0""",185,TRUE,FALSE,FALSE,FALSE,Y,Anaheim Ducks,Center,-73.6437397,41.204262
Jackson LaCombe,60,2001-01-09,22,Eden Prairie,MN,USA,"6' 2""",205,TRUE,FALSE,FALSE,TRUE,Y,Anaheim Ducks,Defenseman,-93.47078600000000,44.8546856
Nikita Nesterenko,62,2001-09-10,21,Brooklyn,NY,USA,"6' 2""",183,TRUE,FALSE,FALSE,TRUE,Y,Anaheim Ducks,Center,-73.9441579,40.6781784
Jamie Drysdale,6,2002-04-08,21,Toronto,ON,CAN,"5' 11""",183,TRUE,FALSE,FALSE,FALSE,Y,Anaheim Ducks,Defenseman,-79.3831843,43.653226
Mason McTavish,37,2003-01-30,20,Zurich,,CHE,"6' 0""",213,TRUE,FALSE,FALSE,TRUE,Y,Anaheim Ducks,Center,8.541694,47.3768866
Ryan Suter,20,1985-01-21,38,Madison,WI,USA,"6' 1""",205,TRUE,FALSE,FALSE,FALSE,Y,Dallas Stars,Defenseman,-89.4007501,43.0721661
Joe Pavelski,16,1984-07-11,38,Plover,WI,USA,"5' 11""",200,TRUE,FALSE,FALSE,FALSE,Y,Dallas Stars,Center,-89.5440069,44.4563579
Jamie Benn,14,1989-07-18,33,Victoria,BC,CAN,"6' 2""",205,TRUE,FALSE,TRUE,FALSE,Y,Dallas Stars,Left Wing,-123.3656444,48.4284207
Evgenii Dadonov,63,1989-03-12,34,Chelyabinsk,,RUS,"5' 11""",189,TRUE,FALSE,FALSE,FALSE,Y,Dallas Stars,Right Wing,61.4368431,55.1644419
Alexander Petrovic,28,1992-03-03,31,Edmonton,AB,CAN,"6' 4""",220,TRUE,FALSE,FALSE,FALSE,Y,Dallas Stars,Defenseman,-113.4937266,53.5460983
Tyler Seguin,91,1992-01-31,31,Brampton,ON,CAN,"6' 1""",205,TRUE,FALSE,FALSE,FALSE,Y,Dallas Stars,Center,-79.7624177,43.7315479
Scott Wedgewood,41,1992-08-14,30,Brampton,ON,CAN,"6' 2""",205,TRUE,FALSE,FALSE,FALSE,Y,Dallas Stars,Goalie,-79.7624177,43.7315479
Jani Hakanpää,2,1992-03-31,31,Kirkkonummi,,FIN,"6' 6""",225,TRUE,FALSE,FALSE,FALSE,Y,Dallas Stars,Defenseman,24.4411082,60.1266902
Colin Miller,6,1992-10-29,30,Sault Ste. Marie,ON,CAN,"6' 1""",200,TRUE,FALSE,FALSE,FALSE,Y,Dallas Stars,Defenseman,-84.333052,46.5153792
Radek Faksa,12,1994-01-09,29,Vitkov,,CZE,"6' 3""",225,TRUE,FALSE,FALSE,FALSE,Y,Dallas Stars,Center,17.7494173,49.7744492
Esa Lindell,23,1994-05-23,29,Vantaa,,FIN,"6' 3""",220,TRUE,FALSE,FALSE,FALSE,Y,Dallas Stars,Defenseman,25.0377686,60.29335240000000
Roope Hintz,24,1996-11-17,26,Tampere,,FIN,"6' 3""",215,TRUE,FALSE,FALSE,FALSE,Y,Dallas Stars,Center,23.7609535,61.4977524
Mason Marchment,27,1995-06-18,28,Uxbridge,ON,CAN,"6' 4""",210,TRUE,FALSE,FALSE,FALSE,Y,Dallas Stars,Left Wing,-0.479611,51.5485
Jake Oettinger,29,1998-12-18,24,Lakeville,MN,USA,"6' 5""",220,TRUE,FALSE,FALSE,FALSE,Y,Dallas Stars,Goalie,-93.24272000000000,44.6496868
Jason Robertson,21,1999-07-22,23,Arcadia,CA,USA,"6' 3""",200,TRUE,FALSE,FALSE,FALSE,Y,Dallas Stars,Left Wing,-118.0353449,34.1397292
Miro Heiskanen,4,1999-07-18,23,Espoo,,FIN,"6' 1""",195,TRUE,FALSE,FALSE,FALSE,Y,Dallas Stars,Defenseman,24.6559001,60.2054911
Oskar Back,37,2000-03-12,23,Karlstad,,SWE,"6' 3""",210,TRUE,FALSE,FALSE,TRUE,Y,Dallas Stars,Center,13.5114977,59.4021806
Ty Dellandrea,10,2000-07-21,22,Port Perry,ON,CAN,"6' 1""",195,TRUE,FALSE,FALSE,FALSE,Y,Dallas Stars,Center,-78.944148,44.10504540000000
Nils Lundkvist,5,2000-07-27,22,Pitea,,SWE,"5' 11""",190,TRUE,FALSE,FALSE,TRUE,Y,Dallas Stars,Defenseman,21.4800364,65.316698
Thomas Harley,55,2001-08-19,21,Syracuse,NY,USA,"6' 3""",205,TRUE,FALSE,FALSE,FALSE,Y,Dallas Stars,Defenseman,-76.14742440000000,43.0481221
Matej Blumel,22,2000-05-31,23,Tabor,,CZE,"6' 0""",200,TRUE,FALSE,FALSE,TRUE,Y,Dallas Stars,Right Wing,14.6774664,49.4129888
Mavrik Bourque,45,2002-01-08,21,Plessisville,QC,CAN,"5' 10""",185,TRUE,FALSE,FALSE,TRUE,Y,Dallas Stars,Center,-71.77137910000000,46.2194458
Wyatt Johnston,53,2003-05-14,20,Toronto,ON,CAN,"6' 1""",185,TRUE,FALSE,FALSE,TRUE,Y,Dallas Stars,Center,-79.3831843,43.653226
Matt Murray,32,1998-02-02,25,St. Albert,AB,CAN,"6' 1""",200,TRUE,FALSE,FALSE,TRUE,Y,Dallas Stars,Goalie,-113.6292701,53.6539037
Anze Kopitar,11,1987-08-24,35,Jesenice,,SVN,"6' 3""",225,TRUE,FALSE,TRUE,FALSE,Y,Los Angeles Kings,Center,14.0526057,46.4367047
Drew Doughty,8,1989-12-08,33,London,ON,CAN,"6' 1""",210,TRUE,TRUE,FALSE,FALSE,Y,Los Angeles Kings,Defenseman,-81.2452768,42.9849233
Phillip Danault,24,1993-02-24,30,Victoriaville,QC,CAN,"6' 1""",200,TRUE,FALSE,FALSE,FALSE,Y,Los Angeles Kings,Center,-71.95895590000000,46.0556724
Pheonix Copley,29,1992-01-18,31,North Pole,AK,USA,"6' 4""",200,TRUE,FALSE,FALSE,FALSE,Y,Los Angeles Kings,Goalie,-147.353425,64.7552465
Kevin Fiala,22,1996-07-22,26,St. Gallen,,CHE,"5' 10""",204,TRUE,FALSE,FALSE,FALSE,Y,Los Angeles Kings,Left Wing,9.3767173,47.4244818
Adrian Kempe,9,1996-09-13,26,Kramfors,,SWE,"6' 2""",200,TRUE,FALSE,FALSE,FALSE,Y,Los Angeles Kings,Right Wing,17.7862947,62.9284332
Viktor Arvidsson,33,1993-04-08,30,Skelleftea,,SWE,"5' 10""",185,TRUE,FALSE,FALSE,FALSE,Y,Los Angeles Kings,Right Wing,20.950917,64.750244
Vladislav Gavrikov,84,1995-11-21,27,Yaroslavl,,RUS,"6' 3""",221,TRUE,FALSE,FALSE,FALSE,Y,Los Angeles Kings,Defenseman,39.8844708,57.62607440000000
Matt Roy,3,1995-03-01,28,Detroit,MI,USA,"6' 1""",205,TRUE,FALSE,FALSE,FALSE,Y,Los Angeles Kings,Defenseman,-83.0457538,42.331427
Carl Grundstrom,91,1997-12-01,25,Umea,,SWE,"6' 0""",195,TRUE,FALSE,FALSE,FALSE,Y,Los Angeles Kings,Right Wing,20.2630354,63.8258471
Pierre-Luc Dubois,80,1998-06-24,25,Ste-Agathe-des-Monts,QC,CAN,"6' 4""",214,TRUE,FALSE,FALSE,FALSE,Y,Los Angeles Kings,Left Wing,-74.28160300000000,46.0485628
Jacob Moverare,57,1998-08-31,24,Ostersund,,SWE,"6' 3""",210,TRUE,FALSE,FALSE,TRUE,Y,Los Angeles Kings,Defenseman,14.6360681,63.1766832
Trevor Moore,12,1995-03-31,28,Thousand Oaks,CA,USA,"5' 10""",195,TRUE,FALSE,FALSE,FALSE,Y,Los Angeles Kings,Left Wing,-118.8375937,34.1705609
Mikey Anderson,44,1999-05-25,24,Roseville,MN,USA,"6' 0""",195,TRUE,FALSE,FALSE,FALSE,Y,Los Angeles Kings,Defenseman,-93.15661070000000,45.0060767
Blake Lizotte,46,1997-12-13,25,Lindstrom,MN,USA,"5' 9""",170,TRUE,FALSE,FALSE,FALSE,Y,Los Angeles Kings,Center,-92.8479921,45.3894083
Arthur Kaliyev,34,2001-06-26,22,Tashkent,,UZB,"6' 2""",210,TRUE,FALSE,FALSE,FALSE,Y,Los Angeles Kings,Right Wing,69.2400734,41.2994958
Tobias Bjornfot,7,2001-04-06,22,Upplands Vasby,,SWE,"6' 0""",200,TRUE,FALSE,FALSE,FALSE,Y,Los Angeles Kings,Defenseman,17.92834,59.51961
Jordan Spence,53,2001-02-24,22,Manly,,AUS,"5' 10""",180,TRUE,FALSE,FALSE,TRUE,Y,Los Angeles Kings,Defenseman,151.2850167,-33.7968627
Erik Portillo,,2000-09-03,22,Gothenburg,,SWE,"6' 6""",218,TRUE,FALSE,FALSE,TRUE,Y,Los Angeles Kings,Goalie,11.97456,57.70887
Andre Lee,,2000-07-26,22,Karlstad,,SWE,"6' 5""",206,TRUE,FALSE,FALSE,TRUE,Y,Los Angeles Kings,Left Wing,13.5114977,59.4021806
Quinton Byfield,55,2002-08-19,20,Newmarket,ON,CAN,"6' 5""",220,TRUE,FALSE,FALSE,FALSE,Y,Los Angeles Kings,Center,-79.46125600000000,44.05918700000000
Alex Laferriere,78,2001-10-28,21,Chatham,NJ,USA,"6' 0""",173,TRUE,FALSE,FALSE,TRUE,Y,Los Angeles Kings,Right Wing,-74.3837624,40.740934
Samuel Helenius,,2002-11-26,20,Dallas,TX,USA,"6' 6""",201,TRUE,FALSE,FALSE,TRUE,Y,Los Angeles Kings,Center,-96.79698790000000,32.7766642
Francesco Pinelli,,2003-04-11,20,Hamilton,ON,CAN,"6' 0""",185,TRUE,FALSE,FALSE,TRUE,Y,Los Angeles Kings,Center,-79.8711024,43.2557206
Luke Kunin,11,1997-12-04,25,Chesterfield,MO,USA,"6' 0""",197,TRUE,FALSE,FALSE,FALSE,I,San Jose Sharks,Center,-90.5770675,38.6631083
Marc-Edouard Vlasic,44,1987-03-30,36,Montréal,QC,CAN,"6' 1""",205,TRUE,FALSE,FALSE,FALSE,Y,San Jose Sharks,Defenseman,-73.56739190000000,45.5018869
Logan Couture,39,1989-03-28,34,Guelph,ON,CAN,"6' 1""",206,TRUE,FALSE,TRUE,FALSE,Y,San Jose Sharks,Center,-80.2481063,43.544821
Erik Karlsson,65,1990-05-31,33,Landsbro,,SWE,"6' 0""",190,TRUE,TRUE,FALSE,FALSE,Y,San Jose Sharks,Defenseman,14.9031816,57.3693191
Tomas Hertl,48,1993-11-12,29,Praha,,CZE,"6' 3""",215,TRUE,TRUE,FALSE,FALSE,Y,San Jose Sharks,Center,14.4378005,50.0755381
Matt Benning,5,1994-05-25,29,Edmonton,AB,CAN,"6' 1""",203,TRUE,FALSE,FALSE,FALSE,Y,San Jose Sharks,Defenseman,-113.4937266,53.5460983
Kaapo Kahkonen,36,1996-08-16,26,Helsinki,,FIN,"6' 2""",217,TRUE,FALSE,FALSE,FALSE,Y,San Jose Sharks,Goalie,24.938379,60.16985570000000
Oskar Lindblom,23,1996-08-15,26,Gavle,,SWE,"6' 1""",191,TRUE,FALSE,FALSE,FALSE,Y,San Jose Sharks,Left Wing,17.1412726,60.6748796
Kevin Labanc,62,1995-12-12,27,Brooklyn,NY,USA,"5' 11""",185,TRUE,FALSE,FALSE,FALSE,Y,San Jose Sharks,Right Wing,-73.9441579,40.6781784
Steven Lorentz,16,1996-04-13,27,Kitchener,ON,CAN,"6' 4""",206,TRUE,FALSE,FALSE,FALSE,Y,San Jose Sharks,Center,-80.4925337,43.4516395
Jacob MacDonald,9,1993-02-26,30,Portland,OR,USA,"6' 0""",204,TRUE,FALSE,FALSE,FALSE,Y,San Jose Sharks,Defenseman,-122.6783853,45.515232
Mario Ferraro,38,1998-09-17,24,Toronto,ON,CAN,"6' 0""",209,TRUE,FALSE,FALSE,FALSE,Y,San Jose Sharks,Defenseman,-79.3831843,43.653226
Radim Simek,51,1992-09-20,30,Mlada Boleslav,,CZE,"6' 0""",204,TRUE,FALSE,FALSE,FALSE,Y,San Jose Sharks,Defenseman,14.908438,50.4134249
Fabian Zetterlund,20,1999-08-25,23,Karlstad,,SWE,"5' 11""",220,TRUE,FALSE,FALSE,TRUE,Y,San Jose Sharks,Left Wing,13.5114977,59.4021806
Jacob Peterson,24,1999-07-19,23,Lidkoping,,SWE,"6' 1""",180,TRUE,FALSE,FALSE,FALSE,Y,San Jose Sharks,Center,13.1570768,58.5035047
Nico Sturm,7,1995-05-03,28,Augsburg,,DEU,"6' 3""",209,TRUE,FALSE,FALSE,FALSE,Y,San Jose Sharks,Center,10.89779,48.3705449
Henry Thrun,3,2001-03-12,22,Southborough,MA,USA,"6' 2""",190,TRUE,FALSE,FALSE,TRUE,Y,San Jose Sharks,Defenseman,-71.5245087,42.3056501
Nikolai Knyzhov,71,1998-03-20,25,Kemerovo,,RUS,"6' 3""",222,TRUE,FALSE,FALSE,FALSE,Y,San Jose Sharks,Defenseman,86.06208650000000,55.3443282
Alexander Barabanov,94,1994-06-17,29,St. Petersburg,,RUS,"5' 10""",195,TRUE,FALSE,FALSE,FALSE,Y,San Jose Sharks,Left Wing,30.3350941,59.9342596
Zach Werenski,8,1997-07-19,25,Grosse Pointe,MI,USA,"6' 2""",213,TRUE,TRUE,FALSE,FALSE,Y,Columbus Blue Jackets,Defenseman,-82.9118591,42.3861485
Jake Bean,22,1998-06-09,25,Calgary,AB,CAN,"6' 1""",196,TRUE,FALSE,FALSE,FALSE,I,Columbus Blue Jackets,Defenseman,-114.0718831,51.04473310000000
Justin Danforth,17,1993-03-15,30,Oshawa,ON,CAN,"5' 9""",190,TRUE,FALSE,FALSE,FALSE,I,Columbus Blue Jackets,Right Wing,-78.86579120000000,43.8970929
Erik Gudbranson,44,1992-01-07,31,Ottawa,ON,CAN,"6' 5""",222,TRUE,FALSE,FALSE,FALSE,Y,Columbus Blue Jackets,Defenseman,-75.69719310000000,45.4215296
Johnny Gaudreau,13,1993-08-13,29,Salem,NJ,USA,"5' 9""",165,TRUE,FALSE,FALSE,FALSE,Y,Columbus Blue Jackets,Left Wing,-75.46714230000000,39.5717796
Sean Kuraly,7,1993-01-20,30,Niagara Falls,NY,USA,"6' 2""",213,TRUE,FALSE,FALSE,FALSE,Y,Columbus Blue Jackets,Center,-79.0377388,43.0962143
Boone Jenner,38,1993-06-15,30,Dorchester,ON,CAN,"6' 2""",203,TRUE,FALSE,TRUE,FALSE,Y,Columbus Blue Jackets,Center,-81.049127,42.9852149
Damon Severson,28,1994-08-07,28,Melville,SK,CAN,"6' 2""",205,TRUE,FALSE,FALSE,FALSE,Y,Columbus Blue Jackets,Defenseman,-102.804654,50.929452
Elvis Merzlikins,90,1994-04-13,29,Riga,,LVA,"6' 3""",183,TRUE,FALSE,FALSE,FALSE,Y,Columbus Blue Jackets,Goalie,24.1056221,56.9676941
Jack Roslovic,96,1997-01-29,26,Columbus,OH,USA,"6' 1""",200,TRUE,FALSE,FALSE,FALSE,Y,Columbus Blue Jackets,Center,-82.99879420000000,39.9611755
Ivan Provorov,9,1997-01-13,26,Yaroslavl,,RUS,"6' 1""",201,TRUE,FALSE,FALSE,FALSE,Y,Columbus Blue Jackets,Defenseman,39.8844708,57.62607440000000
Patrik Laine,29,1998-04-19,25,Tampere,,FIN,"6' 5""",205,TRUE,FALSE,FALSE,FALSE,Y,Columbus Blue Jackets,Left Wing,23.7609535,61.4977524
Andrew Peeke,2,1998-03-17,25,Parkland,FL,USA,"6' 3""",210,TRUE,FALSE,FALSE,FALSE,Y,Columbus Blue Jackets,Defenseman,-80.25322490000000,26.3107774
Mathieu Olivier,24,1997-02-11,26,Biloxi,MS,USA,"6' 1""",217,TRUE,FALSE,FALSE,FALSE,Y,Columbus Blue Jackets,Right Wing,-88.88530780000000,30.3960318
Emil Bemstrom,52,1999-06-01,24,Nykoping,,SWE,"6' 0""",195,TRUE,FALSE,FALSE,FALSE,Y,Columbus Blue Jackets,Right Wing,17.0091593,58.75284390000000
Eric Robinson,50,1995-06-14,28,Bellmawr,NJ,USA,"6' 2""",205,TRUE,FALSE,FALSE,FALSE,Y,Columbus Blue Jackets,Left Wing,-75.0946182,39.8676134
Liam Foudy,19,2000-02-04,23,Scarborough,ON,CAN,"6' 2""",188,TRUE,FALSE,FALSE,TRUE,Y,Columbus Blue Jackets,Center,-79.2317521,43.7764258
Adam Boqvist,27,2000-08-15,22,Falun,,SWE,"6' 0""",182,TRUE,FALSE,FALSE,FALSE,Y,Columbus Blue Jackets,Defenseman,15.6355,60.60646000000000
Kirill Marchenko,86,2000-07-21,22,Barnaul,,RUS,"6' 3""",197,TRUE,FALSE,FALSE,TRUE,Y,Columbus Blue Jackets,Right Wing,83.78357370000000,53.3497499
Tim Berni,75,2000-02-11,23,Mannedorf,,CHE,"6' 0""",192,TRUE,FALSE,FALSE,TRUE,Y,Columbus Blue Jackets,Defenseman,8.6946733,47.2574625
Kent Johnson,91,2002-10-18,20,Port Moody,BC,CAN,"6' 0""",175,TRUE,FALSE,FALSE,TRUE,Y,Columbus Blue Jackets,Center,-122.8677562,49.2849107
Nick Blankenburg,77,1998-05-12,25,Washington,MI,USA,"5' 9""",177,TRUE,FALSE,FALSE,TRUE,Y,Columbus Blue Jackets,Defenseman,-83.03546790000000,42.7185255
Hunter McKown,41,2002-08-18,20,San Jose,CA,USA,"6' 1""",205,TRUE,FALSE,FALSE,TRUE,Y,Columbus Blue Jackets,Center,-121.8852525,37.33874
Marc-Andre Fleury,29,1984-11-28,38,Sorel,QC,CAN,"6' 2""",185,TRUE,FALSE,FALSE,FALSE,Y,Minnesota Wild,Goalie,-73.112302,46.042825
Alex Goligoski,33,1985-07-30,37,Grand Rapids,MN,USA,"5' 11""",173,TRUE,FALSE,FALSE,FALSE,Y,Minnesota Wild,Defenseman,-93.53021420000000,47.2371658
Jared Spurgeon,46,1989-11-29,33,Edmonton,AB,CAN,"5' 9""",166,TRUE,FALSE,TRUE,FALSE,Y,Minnesota Wild,Defenseman,-113.4937266,53.5460983
Marcus Johansson,90,1990-10-06,32,Landskrona,,SWE,"6' 1""",203,TRUE,FALSE,FALSE,FALSE,Y,Minnesota Wild,Left Wing,12.8300802,55.8703477
Marcus Foligno,17,1991-08-10,31,Buffalo,NY,USA,"6' 3""",226,TRUE,TRUE,FALSE,FALSE,Y,Minnesota Wild,Left Wing,-78.8783689,42.88644680000000
Mats Zuccarello,36,1987-09-01,35,Oslo,,NOR,"5' 8""",181,TRUE,FALSE,FALSE,FALSE,Y,Minnesota Wild,Right Wing,10.7522454,59.9138688
Jon Merrill,4,1992-02-03,31,Oklahoma City,OK,USA,"6' 3""",204,TRUE,FALSE,FALSE,FALSE,Y,Minnesota Wild,Defenseman,-97.5164276,35.4675602
Jonas Brodin,25,1993-07-12,29,Karlstad,,SWE,"6' 2""",196,TRUE,FALSE,FALSE,FALSE,Y,Minnesota Wild,Defenseman,13.5114977,59.4021806
Ryan Hartman,38,1994-09-20,28,Hilton Head Island,SC,USA,"6' 0""",197,TRUE,FALSE,FALSE,FALSE,Y,Minnesota Wild,Right Wing,-80.752608,32.216316
Frederick Gaudreau,89,1993-05-01,30,Bromont,QC,CAN,"6' 0""",184,TRUE,FALSE,FALSE,FALSE,Y,Minnesota Wild,Center,-72.6872419,45.28524790000000
Jake Middleton,5,1996-01-02,27,Wainwright,AB,CAN,"6' 3""",219,TRUE,FALSE,FALSE,FALSE,Y,Minnesota Wild,Defenseman,-110.8504203,52.8431123
Joel Eriksson Ek,14,1997-01-29,26,Karlstad,,SWE,"6' 3""",207,TRUE,FALSE,FALSE,FALSE,Y,Minnesota Wild,Center,13.5114977,59.4021806
Kirill Kaprizov,97,1997-04-26,26,Novokuznetsk,,RUS,"5' 10""",202,TRUE,FALSE,FALSE,FALSE,Y,Minnesota Wild,Left Wing,87.12157050000000,53.7595935
Filip Gustavsson,32,1998-06-07,25,Skelleftea,,SWE,"6' 2""",184,TRUE,FALSE,FALSE,FALSE,Y,Minnesota Wild,Goalie,20.950917,64.750244
Brandon Duhaime,21,1997-05-22,26,Coral Springs,FL,USA,"6' 2""",200,TRUE,FALSE,FALSE,FALSE,Y,Minnesota Wild,Right Wing,-80.2706044,26.271192
Calen Addison,2,2000-04-11,23,Brandon,MB,CAN,"5' 11""",173,TRUE,FALSE,FALSE,TRUE,Y,Minnesota Wild,Defenseman,-99.95148070000000,49.8437486
Connor Dewar,26,1999-06-26,24,The Pas,MB,CAN,"5' 10""",183,TRUE,FALSE,FALSE,FALSE,Y,Minnesota Wild,Center,-101.2427087,53.8254947
Hunter Jones,95,2000-09-21,22,Brantford,ON,CAN,"6' 5""",204,TRUE,FALSE,FALSE,TRUE,Y,Minnesota Wild,Goalie,-80.2644254,43.1393867
Matt Boldy,12,2001-04-05,22,Milford,MA,USA,"6' 2""",201,TRUE,FALSE,FALSE,FALSE,Y,Minnesota Wild,Left Wing,-71.5163049,42.1398577
Brock Faber,7,2002-08-22,20,Maple Grove,MN,USA,"6' 1""",200,TRUE,FALSE,FALSE,TRUE,Y,Minnesota Wild,Defenseman,-93.4557877,45.0724642
Jesper Wallstedt,30,2002-11-14,20,Vasteras,,SWE,"6' 3""",214,TRUE,FALSE,FALSE,TRUE,Y,Minnesota Wild,Goalie,16.5448091,59.60990050000000
Cole Perfetti,91,2002-01-01,21,Whitby,ON,CAN,"5' 11""",184,TRUE,FALSE,FALSE,TRUE,I,Winnipeg Jets,Center,-78.94293290000000,43.8975446
Brenden Dillon,5,1990-11-13,32,New Westminster,BC,CAN,"6' 4""",224,TRUE,FALSE,FALSE,FALSE,Y,Winnipeg Jets,Defenseman,-122.910956,49.2057179
Nino Niederreiter,62,1992-09-08,30,Chur,,CHE,"6' 2""",218,TRUE,FALSE,FALSE,FALSE,Y,Winnipeg Jets,Right Wing,9.5319859,46.8507835
Dylan DeMelo,2,1993-05-01,30,London,ON,CAN,"6' 0""",195,TRUE,FALSE,FALSE,FALSE,Y,Winnipeg Jets,Defenseman,-81.2452768,42.9849233
Adam Lowry,17,1993-03-29,30,St. Louis,MO,USA,"6' 6""",208,TRUE,TRUE,FALSE,FALSE,Y,Winnipeg Jets,Center,-90.19940420000000,38.6270025
Mark Scheifele,55,1993-03-15,30,Kitchener,ON,CAN,"6' 3""",198,TRUE,TRUE,FALSE,FALSE,Y,Winnipeg Jets,Center,-80.4925337,43.4516395
Connor Hellebuyck,37,1993-05-19,30,Commerce,MI,USA,"6' 4""",216,TRUE,FALSE,FALSE,FALSE,Y,Winnipeg Jets,Goalie,-83.48823470000000,42.5750853
Nate Schmidt,88,1991-07-16,31,St. Cloud,MN,USA,"6' 0""",195,TRUE,FALSE,FALSE,FALSE,Y,Winnipeg Jets,Defenseman,-94.16324040000000,45.5579451
Josh Morrissey,44,1995-03-28,28,Calgary,AB,CAN,"6' 0""",185,TRUE,TRUE,FALSE,FALSE,Y,Winnipeg Jets,Defenseman,-114.0718831,51.04473310000000
Nikolaj Ehlers,27,1996-02-14,27,Aalborg,,DNK,"6' 0""",169,TRUE,FALSE,FALSE,FALSE,Y,Winnipeg Jets,Left Wing,9.921747,57.0488195
Kyle Connor,81,1996-12-09,26,Shelby Township,MI,USA,"6' 2""",179,TRUE,FALSE,FALSE,FALSE,Y,Winnipeg Jets,Left Wing,-83.0329934,42.670782
Kyle Capobianco,77,1997-08-13,25,Mississauga,ON,CAN,"6' 2""",201,TRUE,FALSE,FALSE,FALSE,Y,Winnipeg Jets,Defenseman,-79.6441198,43.5890452
Mason Appleton,22,1996-01-15,27,Green Bay,WI,USA,"6' 3""",197,TRUE,FALSE,FALSE,FALSE,Y,Winnipeg Jets,Center,-88.0132958,44.5133188
Logan Stanley,64,1998-05-26,25,Waterloo,ON,CAN,"6' 7""",242,TRUE,FALSE,FALSE,FALSE,Y,Winnipeg Jets,Defenseman,-80.5204096,43.4642578
Gabriel Vilardi,,1999-08-16,23,Kingston,ON,CAN,"6' 3""",215,TRUE,FALSE,FALSE,FALSE,Y,Winnipeg Jets,Center,-76.4859544,44.2311717
Dylan Samberg,54,1999-01-24,24,Saginaw,MN,USA,"6' 4""",219,TRUE,FALSE,FALSE,TRUE,Y,Winnipeg Jets,Defenseman,-92.44435660000000,46.8591081
Alex Iafallo,,1993-12-21,29,Eden,NY,USA,"6' 0""",200,TRUE,FALSE,FALSE,FALSE,Y,Winnipeg Jets,Left Wing,-78.8969785,42.652282
Neal Pionk,4,1995-07-29,27,Omaha,NE,USA,"6' 0""",185,TRUE,FALSE,FALSE,FALSE,Y,Winnipeg Jets,Defenseman,-95.9345034,41.2565369
Morgan Barron,36,1998-12-02,24,Halifax,NS,CAN,"6' 4""",220,TRUE,FALSE,FALSE,FALSE,Y,Winnipeg Jets,Center,-63.1005273,44.8857087
Rasmus Kupari,,2000-03-15,23,Kotka,,FIN,"6' 2""",200,TRUE,FALSE,FALSE,FALSE,Y,Winnipeg Jets,Center,26.9459403,60.4665666
David Gustafsson,19,2000-04-11,23,Tingsryd,,SWE,"6' 2""",212,TRUE,FALSE,FALSE,TRUE,Y,Winnipeg Jets,Center,14.9785342,56.5247452
Michael Carcone,53,1996-05-19,27,Ajax,ON,CAN,"5' 9""",170,TRUE,FALSE,FALSE,FALSE,Y,Arizona Coyotes,Left Wing,0.0,0.0
Travis Boyd,72,1993-09-14,29,Hopkins,MN,USA,"6' 0""",190,TRUE,FALSE,FALSE,FALSE,Y,Arizona Coyotes,Center,-93.4044187,44.9260794
Liam O'Brien,38,1994-07-29,28,Halifax,NS,CAN,"6' 1""",213,TRUE,FALSE,FALSE,FALSE,Y,Arizona Coyotes,Center,-63.1005273,44.8857087
Josh Brown,3,1994-01-21,29,London,ON,CAN,"6' 5""",220,TRUE,FALSE,FALSE,FALSE,Y,Arizona Coyotes,Defenseman,-81.2452768,42.9849233
Nick Schmaltz,8,1996-02-23,27,Madison,WI,USA,"6' 0""",181,TRUE,FALSE,FALSE,FALSE,Y,Arizona Coyotes,Center,-89.4007501,43.0721661
Lawson Crouse,67,1997-06-23,26,Mt. Brydges,ON,CAN,"6' 4""",215,TRUE,FALSE,FALSE,FALSE,Y,Arizona Coyotes,Left Wing,0.0,0.0
Karel Vejmelka,70,1996-05-25,27,Trebic,,CZE,"6' 4""",224,TRUE,FALSE,FALSE,FALSE,Y,Arizona Coyotes,Goalie,15.8795516,49.2147869
Connor Ingram,39,1997-03-31,26,Saskatoon,SK,CAN,"6' 2""",196,TRUE,FALSE,FALSE,TRUE,Y,Arizona Coyotes,Goalie,-106.6701577,52.157902
Clayton Keller,9,1998-07-29,24,Chesterfield,MO,USA,"5' 10""",178,TRUE,FALSE,FALSE,FALSE,Y,Arizona Coyotes,Right Wing,-90.5770675,38.6631083
Juuso Valimaki,4,1998-10-06,24,Tampere,,FIN,"6' 2""",205,TRUE,FALSE,FALSE,FALSE,Y,Arizona Coyotes,Defenseman,23.7609535,61.4977524
Sean Durzi,50,1998-10-21,24,Mississauga,ON,CAN,"6' 0""",195,TRUE,FALSE,FALSE,FALSE,Y,Arizona Coyotes,Defenseman,-79.6441198,43.5890452
Barrett Hayton,29,2000-06-09,23,Peterborough,ON,CAN,"6' 1""",207,TRUE,FALSE,FALSE,FALSE,Y,Arizona Coyotes,Center,-78.3199606,44.3047061
Jack McBain,22,2000-01-06,23,Toronto,ON,CAN,"6' 3""",201,TRUE,FALSE,FALSE,TRUE,Y,Arizona Coyotes,Center,-79.3831843,43.653226
Matias Maccelli,63,2000-10-14,22,Turku,,FIN,"5' 11""",176,TRUE,FALSE,FALSE,TRUE,Y,Arizona Coyotes,Left Wing,22.2666303,60.4518126
J.J. Moser,90,2000-06-06,23,Biel,,CHE,"6' 1""",173,TRUE,FALSE,FALSE,FALSE,Y,Arizona Coyotes,Defenseman,7.2467909,47.1367785
Alec Martinez,23,1987-07-26,35,Rochester Hills,MI,USA,"6' 1""",210,TRUE,FALSE,FALSE,FALSE,Y,Vegas Golden Knights,Defenseman,-83.1499322,42.65836610000000
Alex Pietrangelo,7,1990-01-18,33,King City,ON,CAN,"6' 3""",215,TRUE,FALSE,FALSE,FALSE,Y,Vegas Golden Knights,Defenseman,0.0,0.0
Brayden McNabb,3,1991-01-21,32,Davidson,SK,CAN,"6' 4""",215,TRUE,FALSE,FALSE,FALSE,Y,Vegas Golden Knights,Defenseman,-105.9890338,51.2628546
Mark Stone,61,1992-05-13,31,Winnipeg,MB,CAN,"6' 3""",217,TRUE,FALSE,TRUE,FALSE,Y,Vegas Golden Knights,Right Wing,-97.1385145,49.8954221
William Karlsson,71,1993-01-08,30,Marsta,,SWE,"6' 0""",190,TRUE,FALSE,FALSE,FALSE,Y,Vegas Golden Knights,Center,17.8555094,59.6196463
Jonathan Marchessault,81,1990-12-27,32,Cap-Rouge,QC,CAN,"5' 9""",183,TRUE,FALSE,FALSE,FALSE,Y,Vegas Golden Knights,Right Wing,-71.35539180000000,46.765975
Chandler Stephenson,20,1994-04-22,29,Saskatoon,SK,CAN,"6' 0""",209,TRUE,FALSE,FALSE,FALSE,Y,Vegas Golden Knights,Center,-106.6701577,52.157902
Ben Hutton,17,1993-04-20,30,Brockville,ON,CAN,"6' 3""",201,TRUE,FALSE,FALSE,FALSE,Y,Vegas Golden Knights,Defenseman,-75.68428580000000,44.5895244
Shea Theodore,27,1995-08-03,27,Aldergrove,BC,CAN,"6' 2""",197,TRUE,FALSE,FALSE,FALSE,Y,Vegas Golden Knights,Defenseman,-122.470667,49.0580516
William Carrier,28,1994-12-20,28,LaSalle,QC,CAN,"6' 2""",218,TRUE,FALSE,FALSE,FALSE,Y,Vegas Golden Knights,Left Wing,-73.6348608,45.4306303
Ivan Barbashev,49,1995-12-14,27,Moscow,,RUS,"6' 1""",195,TRUE,FALSE,FALSE,FALSE,Y,Vegas Golden Knights,Center,37.6173,55.755826
Michael Amadio,22,1996-05-13,27,Sault Ste. Marie,ON,CAN,"6' 1""",204,TRUE,FALSE,FALSE,FALSE,Y,Vegas Golden Knights,Right Wing,-84.333052,46.5153792
Jack Eichel,9,1996-10-28,26,North Chelmsford,MA,USA,"6' 2""",207,TRUE,FALSE,FALSE,FALSE,Y,Vegas Golden Knights,Center,-71.383617,42.63960550000000
Keegan Kolesar,55,1997-04-08,26,Brandon,MB,CAN,"6' 2""",217,TRUE,FALSE,FALSE,FALSE,Y,Vegas Golden Knights,Right Wing,-99.95148070000000,49.8437486
Nicolas Roy,10,1997-02-05,26,Amos,QC,CAN,"6' 4""",202,TRUE,FALSE,FALSE,FALSE,Y,Vegas Golden Knights,Center,-78.1125205,48.5650196
Adin Hill,33,1996-05-11,27,Comox,BC,CAN,"6' 4""",215,TRUE,FALSE,FALSE,FALSE,Y,Vegas Golden Knights,Goalie,-124.9282659,49.6735133
Brett Howden,21,1998-03-29,25,Calgary,AB,CAN,"6' 2""",203,TRUE,FALSE,FALSE,FALSE,Y,Vegas Golden Knights,Center,-114.0718831,51.04473310000000
Nicolas Hague,14,1998-12-05,24,Kitchener,ON,CAN,"6' 6""",230,TRUE,FALSE,FALSE,FALSE,Y,Vegas Golden Knights,Defenseman,-80.4925337,43.4516395
Jiri Patera,30,1999-02-24,24,Praha,,CZE,"6' 2""",209,TRUE,FALSE,FALSE,TRUE,Y,Vegas Golden Knights,Goalie,14.4378005,50.0755381
Logan Thompson,36,1997-02-25,26,Calgary,AB,CAN,"6' 4""",205,TRUE,FALSE,FALSE,TRUE,Y,Vegas Golden Knights,Goalie,-114.0718831,51.04473310000000
Zach Whitecloud,2,1996-11-28,26,Brandon,MB,CAN,"6' 2""",207,TRUE,FALSE,FALSE,FALSE,Y,Vegas Golden Knights,Defenseman,-99.95148070000000,49.8437486
Paul Cotter,43,1999-11-16,23,Canton,MI,USA,"6' 2""",212,TRUE,FALSE,FALSE,TRUE,Y,Vegas Golden Knights,Center,-83.48211600000000,42.3086444
Brayden Pachal,94,1999-08-23,23,Estevan,SK,CAN,"6' 2""",203,TRUE,FALSE,FALSE,TRUE,Y,Vegas Golden Knights,Defenseman,-102.9914807,49.1390842
Andre Burakovsky,95,1995-02-09,28,Klagenfurt,,AUT,"6' 3""",209,TRUE,FALSE,FALSE,FALSE,I,Seattle Kraken,Left Wing,14.3122246,46.6364598
Jordan Eberle,7,1990-05-15,33,Regina,SK,CAN,"5' 11""",190,TRUE,TRUE,FALSE,FALSE,Y,Seattle Kraken,Right Wing,-104.6188944,50.4452112
Justin Schultz,4,1990-07-06,32,Kelowna,BC,CAN,"6' 2""",190,TRUE,FALSE,FALSE,FALSE,Y,Seattle Kraken,Defenseman,-119.4960106,49.8879519
Jaden Schwartz,17,1992-06-25,31,Wilcox,SK,CAN,"5' 10""",185,TRUE,TRUE,FALSE,FALSE,Y,Seattle Kraken,Center,-104.7225356,50.097934
Philipp Grubauer,31,1991-11-25,31,Rosenheim,,DEU,"6' 1""",188,TRUE,FALSE,FALSE,FALSE,Y,Seattle Kraken,Goalie,12.1181047,47.8571272
Adam Larsson,6,1992-11-12,30,Skelleftea,,SWE,"6' 3""",209,TRUE,TRUE,FALSE,FALSE,Y,Seattle Kraken,Defenseman,20.950917,64.750244
Jamie Oleksiak,24,1992-12-21,30,Toronto,ON,CAN,"6' 7""",257,TRUE,FALSE,FALSE,FALSE,Y,Seattle Kraken,Defenseman,-79.3831843,43.653226
Yanni Gourde,37,1991-12-15,31,Saint-Narcisse,QC,CAN,"5' 9""",174,TRUE,TRUE,FALSE,FALSE,Y,Seattle Kraken,Center,-72.473253,46.56336900000000
Jaycob Megna,44,1992-12-10,30,Plantation,FL,USA,"6' 6""",220,TRUE,FALSE,FALSE,FALSE,Y,Seattle Kraken,Defenseman,-80.23310360000000,26.1275862
Oliver Bjorkstrand,22,1995-04-10,28,Herning,,DNK,"6' 0""",175,TRUE,FALSE,FALSE,FALSE,Y,Seattle Kraken,Right Wing,8.967322,56.138557
Alex Wennberg,21,1994-09-22,28,Stockholm,,SWE,"6' 2""",190,TRUE,FALSE,FALSE,FALSE,Y,Seattle Kraken,Center,18.0685808,59.32932350000000
Jared McCann,19,1996-05-31,27,Stratford,ON,CAN,"6' 1""",191,TRUE,FALSE,FALSE,FALSE,Y,Seattle Kraken,Left Wing,0.0,0.0
Vince Dunn,29,1996-10-29,26,Mississauga,ON,CAN,"6' 0""",200,TRUE,FALSE,FALSE,FALSE,Y,Seattle Kraken,Defenseman,-79.6441198,43.5890452
Will Borgen,3,1996-12-19,26,Moorhead,MN,USA,"6' 3""",204,TRUE,FALSE,FALSE,FALSE,Y,Seattle Kraken,Defenseman,-96.76780390000000,46.8737648
Brandon Tanev,13,1991-12-31,31,Toronto,ON,CAN,"6' 0""",189,TRUE,FALSE,FALSE,FALSE,Y,Seattle Kraken,Left Wing,-79.3831843,43.653226
Cale Fleury,8,1998-11-19,24,Carlyle,SK,CAN,"6' 1""",204,TRUE,FALSE,FALSE,FALSE,Y,Seattle Kraken,Defenseman,-102.2670806,49.6339652
Eeli Tolvanen,20,1999-04-22,24,Vihti,,FIN,"5' 10""",191,TRUE,FALSE,FALSE,FALSE,Y,Seattle Kraken,Right Wing,24.3269174,60.4158273
Matty Beniers,10,2002-11-05,20,Hingham,MA,USA,"6' 2""",178,TRUE,FALSE,FALSE,TRUE,Y,Seattle Kraken,Center,-70.889759,42.2418172